index,Data,Id Vendedor,Meta
0,01/01/2025,1,37552
1,01/01/2025,2,6419
2,01/01/2025,3,43326
3,01/01/2025,4,32300
4,01/01/2025,5,12356
5,01/01/2025,6,35687
6,01/01/2025,7,1029
7,01/01/2025,8,25330
8,01/01/2025,9,25618
9,01/01/2025,10,38336
10,02/01/2025,1,8806
11,02/01/2025,2,21937
12,02/01/2025,3,33932
13,02/01/2025,4,34542
14,02/01/2025,5,43414
15,02/01/2025,6,7726
16,02/01/2025,7,15633
17,02/01/2025,8,40389
18,02/01/2025,9,41729
19,02/01/2025,10,37474
20,03/01/2025,1,8099
21,03/01/2025,2,31412
22,03/01/2025,3,6215
23,03/01/2025,4,1888
24,03/01/2025,5,43938
25,03/01/2025,6,22134
26,03/01/2025,7,52941
27,03/01/2025,8,27613
28,03/01/2025,9,42007
29,03/01/2025,10,53814
30,04/01/2025,1,24272
31,04/01/2025,2,12715
32,04/01/2025,3,47314
33,04/01/2025,4,2822
34,04/01/2025,5,25397
35,04/01/2025,6,24743
36,04/01/2025,7,18165
37,04/01/2025,8,11650
38,04/01/2025,9,44025
39,04/01/2025,10,1730
40,05/01/2025,1,48191
41,05/01/2025,2,33364
42,05/01/2025,3,32709
43,05/01/2025,4,12560
44,05/01/2025,5,49775
45,05/01/2025,6,12280
46,05/01/2025,7,46573
47,05/01/2025,8,27790
48,05/01/2025,9,35095
49,05/01/2025,10,50846
50,06/01/2025,1,19726
51,06/01/2025,2,26232
52,06/01/2025,3,25380
53,06/01/2025,4,33827
54,06/01/2025,5,1099
55,06/01/2025,6,31740
56,06/01/2025,7,45876
57,06/01/2025,8,31025
58,06/01/2025,9,29623
59,06/01/2025,10,25994
60,07/01/2025,1,44522
61,07/01/2025,2,12759
62,07/01/2025,3,22756
63,07/01/2025,4,25068
64,07/01/2025,5,51733
65,07/01/2025,6,19071
66,07/01/2025,7,52347
67,07/01/2025,8,31128
68,07/01/2025,9,30054
69,07/01/2025,10,38951
70,08/01/2025,1,3221
71,08/01/2025,2,39125
72,08/01/2025,3,44909
73,08/01/2025,4,52479
74,08/01/2025,5,44020
75,08/01/2025,6,31257
76,08/01/2025,7,8918
77,08/01/2025,8,52665
78,08/01/2025,9,31351
79,08/01/2025,10,15927
80,09/01/2025,1,27906
81,09/01/2025,2,9688
82,09/01/2025,3,7719
83,09/01/2025,4,26704
84,09/01/2025,5,38173
85,09/01/2025,6,37720
86,09/01/2025,7,48084
87,09/01/2025,8,13314
88,09/01/2025,9,28075
89,09/01/2025,10,49489
90,10/01/2025,1,6058
91,10/01/2025,2,24943
92,10/01/2025,3,24581
93,10/01/2025,4,34872
94,10/01/2025,5,53850
95,10/01/2025,6,38837
96,10/01/2025,7,4254
97,10/01/2025,8,37383
98,10/01/2025,9,8767
99,10/01/2025,10,21355
100,11/01/2025,1,54334
101,11/01/2025,2,20674
102,11/01/2025,3,53072
103,11/01/2025,4,12137
104,11/01/2025,5,5603
105,11/01/2025,6,3211
106,11/01/2025,7,33638
107,11/01/2025,8,47066
108,11/01/2025,9,21120
109,11/01/2025,10,48484
110,12/01/2025,1,4657
111,12/01/2025,2,40227
112,12/01/2025,3,38407
113,12/01/2025,4,39653
114,12/01/2025,5,28033
115,12/01/2025,6,1909
116,12/01/2025,7,9817
117,12/01/2025,8,37035
118,12/01/2025,9,2229
119,12/01/2025,10,26886
120,13/01/2025,1,17660
121,13/01/2025,2,37357
122,13/01/2025,3,50438
123,13/01/2025,4,4685
124,13/01/2025,5,21255
125,13/01/2025,6,30863
126,13/01/2025,7,9639
127,13/01/2025,8,3830
128,13/01/2025,9,25751
129,13/01/2025,10,7323
130,14/01/2025,1,6875
131,14/01/2025,2,32171
132,14/01/2025,3,5713
133,14/01/2025,4,8152
134,14/01/2025,5,35919
135,14/01/2025,6,37378
136,14/01/2025,7,40520
137,14/01/2025,8,1906
138,14/01/2025,9,15471
139,14/01/2025,10,11992
140,15/01/2025,1,44681
141,15/01/2025,2,45788
142,15/01/2025,3,36128
143,15/01/2025,4,36273
144,15/01/2025,5,26887
145,15/01/2025,6,46532
146,15/01/2025,7,1894
147,15/01/2025,8,48007
148,15/01/2025,9,51948
149,15/01/2025,10,37753
150,16/01/2025,1,26026
151,16/01/2025,2,37589
152,16/01/2025,3,22664
153,16/01/2025,4,38376
154,16/01/2025,5,53766
155,16/01/2025,6,33519
156,16/01/2025,7,32744
157,16/01/2025,8,27698
158,16/01/2025,9,34472
159,16/01/2025,10,23874
160,17/01/2025,1,3790
161,17/01/2025,2,30311
162,17/01/2025,3,46318
163,17/01/2025,4,39135
164,17/01/2025,5,21301
165,17/01/2025,6,54574
166,17/01/2025,7,9491
167,17/01/2025,8,30979
168,17/01/2025,9,17073
169,17/01/2025,10,6136
170,18/01/2025,1,52115
171,18/01/2025,2,22979
172,18/01/2025,3,40489
173,18/01/2025,4,16322
174,18/01/2025,5,34126
175,18/01/2025,6,10881
176,18/01/2025,7,21156
177,18/01/2025,8,7640
178,18/01/2025,9,46361
179,18/01/2025,10,28610
180,19/01/2025,1,32619
181,19/01/2025,2,41492
182,19/01/2025,3,16890
183,19/01/2025,4,44669
184,19/01/2025,5,44430
185,19/01/2025,6,38668
186,19/01/2025,7,37581
187,19/01/2025,8,47299
188,19/01/2025,9,37813
189,19/01/2025,10,43022
190,20/01/2025,1,9083
191,20/01/2025,2,49208
192,20/01/2025,3,22204
193,20/01/2025,4,8087
194,20/01/2025,5,35111
195,20/01/2025,6,48928
196,20/01/2025,7,18077
197,20/01/2025,8,33695
198,20/01/2025,9,35453
199,20/01/2025,10,4157
200,21/01/2025,1,9391
201,21/01/2025,2,28470
202,21/01/2025,3,4227
203,21/01/2025,4,38015
204,21/01/2025,5,43261
205,21/01/2025,6,16384
206,21/01/2025,7,7376
207,21/01/2025,8,20720
208,21/01/2025,9,27013
209,21/01/2025,10,9657
210,22/01/2025,1,37461
211,22/01/2025,2,27609
212,22/01/2025,3,42851
213,22/01/2025,4,22612
214,22/01/2025,5,27669
215,22/01/2025,6,20840
216,22/01/2025,7,13974
217,22/01/2025,8,51582
218,22/01/2025,9,9030
219,22/01/2025,10,33380
220,23/01/2025,1,42535
221,23/01/2025,2,15443
222,23/01/2025,3,31971
223,23/01/2025,4,9787
224,23/01/2025,5,28297
225,23/01/2025,6,4346
226,23/01/2025,7,27551
227,23/01/2025,8,30294
228,23/01/2025,9,54553
229,23/01/2025,10,53459
230,24/01/2025,1,19928
231,24/01/2025,2,33735
232,24/01/2025,3,35023
233,24/01/2025,4,26030
234,24/01/2025,5,49211
235,24/01/2025,6,34866
236,24/01/2025,7,45917
237,24/01/2025,8,42526
238,24/01/2025,9,24412
239,24/01/2025,10,49796
240,25/01/2025,1,35264
241,25/01/2025,2,17745
242,25/01/2025,3,8114
243,25/01/2025,4,45906
244,25/01/2025,5,39092
245,25/01/2025,6,28015
246,25/01/2025,7,38505
247,25/01/2025,8,29380
248,25/01/2025,9,40227
249,25/01/2025,10,2022
250,26/01/2025,1,39798
251,26/01/2025,2,22918
252,26/01/2025,3,53792
253,26/01/2025,4,15134
254,26/01/2025,5,25802
255,26/01/2025,6,18499
256,26/01/2025,7,48583
257,26/01/2025,8,24182
258,26/01/2025,9,27849
259,26/01/2025,10,24551
260,27/01/2025,1,14508
261,27/01/2025,2,29302
262,27/01/2025,3,36441
263,27/01/2025,4,30894
264,27/01/2025,5,23230
265,27/01/2025,6,6870
266,27/01/2025,7,8230
267,27/01/2025,8,12419
268,27/01/2025,9,37149
269,27/01/2025,10,29612
270,28/01/2025,1,44707
271,28/01/2025,2,22671
272,28/01/2025,3,34567
273,28/01/2025,4,27363
274,28/01/2025,5,45962
275,28/01/2025,6,36112
276,28/01/2025,7,43887
277,28/01/2025,8,2292
278,28/01/2025,9,15522
279,28/01/2025,10,5291
280,29/01/2025,1,20143
281,29/01/2025,2,38346
282,29/01/2025,3,54284
283,29/01/2025,4,51470
284,29/01/2025,5,17665
285,29/01/2025,6,3465
286,29/01/2025,7,9853
287,29/01/2025,8,14026
288,29/01/2025,9,48910
289,29/01/2025,10,49952
290,30/01/2025,1,15161
291,30/01/2025,2,36416
292,30/01/2025,3,8417
293,30/01/2025,4,23815
294,30/01/2025,5,47122
295,30/01/2025,6,20501
296,30/01/2025,7,37806
297,30/01/2025,8,49445
298,30/01/2025,9,16303
299,30/01/2025,10,14866
300,31/01/2025,1,12173
301,31/01/2025,2,19156
302,31/01/2025,3,12911
303,31/01/2025,4,29759
304,31/01/2025,5,7962
305,31/01/2025,6,5347
306,31/01/2025,7,39259
307,31/01/2025,8,11860
308,31/01/2025,9,53391
309,31/01/2025,10,9531
310,01/02/2025,1,34146
311,01/02/2025,2,47102
312,01/02/2025,3,39382
313,01/02/2025,4,17722
314,01/02/2025,5,47448
315,01/02/2025,6,33904
316,01/02/2025,7,29499
317,01/02/2025,8,14200
318,01/02/2025,9,11901
319,01/02/2025,10,48644
320,02/02/2025,1,47685
321,02/02/2025,2,31045
322,02/02/2025,3,18581
323,02/02/2025,4,50224
324,02/02/2025,5,40764
325,02/02/2025,6,53556
326,02/02/2025,7,5029
327,02/02/2025,8,41984
328,02/02/2025,9,11185
329,02/02/2025,10,36016
330,03/02/2025,1,11006
331,03/02/2025,2,4585
332,03/02/2025,3,8358
333,03/02/2025,4,46339
334,03/02/2025,5,48621
335,03/02/2025,6,27720
336,03/02/2025,7,48290
337,03/02/2025,8,15158
338,03/02/2025,9,21814
339,03/02/2025,10,9931
340,04/02/2025,1,28365
341,04/02/2025,2,6715
342,04/02/2025,3,30887
343,04/02/2025,4,28604
344,04/02/2025,5,18100
345,04/02/2025,6,39095
346,04/02/2025,7,30645
347,04/02/2025,8,13495
348,04/02/2025,9,10204
349,04/02/2025,10,32218
350,05/02/2025,1,38689
351,05/02/2025,2,49650
352,05/02/2025,3,20186
353,05/02/2025,4,25452
354,05/02/2025,5,5352
355,05/02/2025,6,32089
356,05/02/2025,7,51848
357,05/02/2025,8,1408
358,05/02/2025,9,36998
359,05/02/2025,10,2749
360,06/02/2025,1,24725
361,06/02/2025,2,42690
362,06/02/2025,3,19879
363,06/02/2025,4,31800
364,06/02/2025,5,8402
365,06/02/2025,6,22248
366,06/02/2025,7,5778
367,06/02/2025,8,41803
368,06/02/2025,9,41087
369,06/02/2025,10,49817
370,07/02/2025,1,22783
371,07/02/2025,2,41708
372,07/02/2025,3,30111
373,07/02/2025,4,35367
374,07/02/2025,5,53205
375,07/02/2025,6,48493
376,07/02/2025,7,49514
377,07/02/2025,8,11509
378,07/02/2025,9,52911
379,07/02/2025,10,35545
380,08/02/2025,1,10944
381,08/02/2025,2,12639
382,08/02/2025,3,34580
383,08/02/2025,4,25486
384,08/02/2025,5,51009
385,08/02/2025,6,8060
386,08/02/2025,7,16014
387,08/02/2025,8,5293
388,08/02/2025,9,14961
389,08/02/2025,10,32852
390,09/02/2025,1,47403
391,09/02/2025,2,20957
392,09/02/2025,3,44020
393,09/02/2025,4,49175
394,09/02/2025,5,6919
395,09/02/2025,6,30742
396,09/02/2025,7,32590
397,09/02/2025,8,44163
398,09/02/2025,9,40149
399,09/02/2025,10,22099
400,10/02/2025,1,42032
401,10/02/2025,2,41617
402,10/02/2025,3,17562
403,10/02/2025,4,7012
404,10/02/2025,5,14619
405,10/02/2025,6,46487
406,10/02/2025,7,13047
407,10/02/2025,8,6337
408,10/02/2025,9,16268
409,10/02/2025,10,3080
410,11/02/2025,1,47670
411,11/02/2025,2,8731
412,11/02/2025,3,20297
413,11/02/2025,4,13397
414,11/02/2025,5,25856
415,11/02/2025,6,4192
416,11/02/2025,7,29154
417,11/02/2025,8,29716
418,11/02/2025,9,23911
419,11/02/2025,10,38585
420,12/02/2025,1,6999
421,12/02/2025,2,34063
422,12/02/2025,3,14285
423,12/02/2025,4,39354
424,12/02/2025,5,3379
425,12/02/2025,6,37787
426,12/02/2025,7,32298
427,12/02/2025,8,36612
428,12/02/2025,9,17030
429,12/02/2025,10,34803
430,13/02/2025,1,51918
431,13/02/2025,2,44590
432,13/02/2025,3,47886
433,13/02/2025,4,5714
434,13/02/2025,5,52819
435,13/02/2025,6,31846
436,13/02/2025,7,33758
437,13/02/2025,8,8498
438,13/02/2025,9,39928
439,13/02/2025,10,31359
440,14/02/2025,1,24736
441,14/02/2025,2,46324
442,14/02/2025,3,18118
443,14/02/2025,4,36571
444,14/02/2025,5,20445
445,14/02/2025,6,18810
446,14/02/2025,7,51122
447,14/02/2025,8,6981
448,14/02/2025,9,39652
449,14/02/2025,10,16358
450,15/02/2025,1,26597
451,15/02/2025,2,7564
452,15/02/2025,3,5929
453,15/02/2025,4,6383
454,15/02/2025,5,51562
455,15/02/2025,6,21742
456,15/02/2025,7,34227
457,15/02/2025,8,42732
458,15/02/2025,9,6943
459,15/02/2025,10,33860
460,16/02/2025,1,1123
461,16/02/2025,2,52909
462,16/02/2025,3,54296
463,16/02/2025,4,11107
464,16/02/2025,5,38289
465,16/02/2025,6,15650
466,16/02/2025,7,9148
467,16/02/2025,8,6621
468,16/02/2025,9,33858
469,16/02/2025,10,32522
470,17/02/2025,1,23570
471,17/02/2025,2,15601
472,17/02/2025,3,51791
473,17/02/2025,4,26179
474,17/02/2025,5,35409
475,17/02/2025,6,41184
476,17/02/2025,7,29591
477,17/02/2025,8,18482
478,17/02/2025,9,38776
479,17/02/2025,10,32213
480,18/02/2025,1,14266
481,18/02/2025,2,39627
482,18/02/2025,3,52543
483,18/02/2025,4,34097
484,18/02/2025,5,42267
485,18/02/2025,6,52658
486,18/02/2025,7,4100
487,18/02/2025,8,2658
488,18/02/2025,9,6513
489,18/02/2025,10,13893
490,19/02/2025,1,43957
491,19/02/2025,2,18411
492,19/02/2025,3,17014
493,19/02/2025,4,52618
494,19/02/2025,5,35384
495,19/02/2025,6,15473
496,19/02/2025,7,3944
497,19/02/2025,8,45664
498,19/02/2025,9,42872
499,19/02/2025,10,39879
500,20/02/2025,1,40862
501,20/02/2025,2,22463
502,20/02/2025,3,27397
503,20/02/2025,4,32850
504,20/02/2025,5,40901
505,20/02/2025,6,37778
506,20/02/2025,7,16280
507,20/02/2025,8,29872
508,20/02/2025,9,51607
509,20/02/2025,10,5994
510,21/02/2025,1,13818
511,21/02/2025,2,34875
512,21/02/2025,3,6572
513,21/02/2025,4,52596
514,21/02/2025,5,41749
515,21/02/2025,6,48194
516,21/02/2025,7,48113
517,21/02/2025,8,17636
518,21/02/2025,9,48628
519,21/02/2025,10,22306
520,22/02/2025,1,23618
521,22/02/2025,2,19947
522,22/02/2025,3,5352
523,22/02/2025,4,54451
524,22/02/2025,5,1087
525,22/02/2025,6,19711
526,22/02/2025,7,43230
527,22/02/2025,8,44968
528,22/02/2025,9,3437
529,22/02/2025,10,27477
530,23/02/2025,1,3677
531,23/02/2025,2,13291
532,23/02/2025,3,4026
533,23/02/2025,4,32340
534,23/02/2025,5,23984
535,23/02/2025,6,44929
536,23/02/2025,7,48517
537,23/02/2025,8,49113
538,23/02/2025,9,54576
539,23/02/2025,10,24937
540,24/02/2025,1,30859
541,24/02/2025,2,13891
542,24/02/2025,3,13591
543,24/02/2025,4,12656
544,24/02/2025,5,27141
545,24/02/2025,6,17171
546,24/02/2025,7,48654
547,24/02/2025,8,40067
548,24/02/2025,9,37096
549,24/02/2025,10,42232
550,25/02/2025,1,3678
551,25/02/2025,2,27608
552,25/02/2025,3,28378
553,25/02/2025,4,50429
554,25/02/2025,5,39704
555,25/02/2025,6,32535
556,25/02/2025,7,21543
557,25/02/2025,8,11981
558,25/02/2025,9,29535
559,25/02/2025,10,38251
560,26/02/2025,1,32069
561,26/02/2025,2,13415
562,26/02/2025,3,46197
563,26/02/2025,4,4621
564,26/02/2025,5,53894
565,26/02/2025,6,30279
566,26/02/2025,7,5521
567,26/02/2025,8,35970
568,26/02/2025,9,50938
569,26/02/2025,10,38703
570,27/02/2025,1,49837
571,27/02/2025,2,8628
572,27/02/2025,3,6042
573,27/02/2025,4,28158
574,27/02/2025,5,2374
575,27/02/2025,6,11562
576,27/02/2025,7,42091
577,27/02/2025,8,23360
578,27/02/2025,9,19088
579,27/02/2025,10,14496
580,28/02/2025,1,2132
581,28/02/2025,2,45640
582,28/02/2025,3,41921
583,28/02/2025,4,49913
584,28/02/2025,5,8780
585,28/02/2025,6,1835
586,28/02/2025,7,18946
587,28/02/2025,8,18679
588,28/02/2025,9,42746
589,28/02/2025,10,18066
590,01/03/2025,1,29473
591,01/03/2025,2,19369
592,01/03/2025,3,40935
593,01/03/2025,4,22185
594,01/03/2025,5,22228
595,01/03/2025,6,26632
596,01/03/2025,7,49321
597,01/03/2025,8,50033
598,01/03/2025,9,14853
599,01/03/2025,10,31847
600,02/03/2025,1,6982
601,02/03/2025,2,12020
602,02/03/2025,3,49214
603,02/03/2025,4,16222
604,02/03/2025,5,49876
605,02/03/2025,6,14021
606,02/03/2025,7,3725
607,02/03/2025,8,5024
608,02/03/2025,9,3396
609,02/03/2025,10,40510
610,03/03/2025,1,42231
611,03/03/2025,2,48496
612,03/03/2025,3,18913
613,03/03/2025,4,39861
614,03/03/2025,5,14534
615,03/03/2025,6,36636
616,03/03/2025,7,30303
617,03/03/2025,8,33768
618,03/03/2025,9,5837
619,03/03/2025,10,46521
620,04/03/2025,1,9412
621,04/03/2025,2,16876
622,04/03/2025,3,10762
623,04/03/2025,4,44569
624,04/03/2025,5,31223
625,04/03/2025,6,24481
626,04/03/2025,7,37069
627,04/03/2025,8,6541
628,04/03/2025,9,15629
629,04/03/2025,10,36937
630,05/03/2025,1,37941
631,05/03/2025,2,32847
632,05/03/2025,3,48977
633,05/03/2025,4,51216
634,05/03/2025,5,15258
635,05/03/2025,6,25764
636,05/03/2025,7,13869
637,05/03/2025,8,38537
638,05/03/2025,9,7842
639,05/03/2025,10,51304
640,06/03/2025,1,50382
641,06/03/2025,2,26050
642,06/03/2025,3,8916
643,06/03/2025,4,35489
644,06/03/2025,5,12471
645,06/03/2025,6,8944
646,06/03/2025,7,45241
647,06/03/2025,8,37886
648,06/03/2025,9,36509
649,06/03/2025,10,24159
650,07/03/2025,1,17353
651,07/03/2025,2,41644
652,07/03/2025,3,24685
653,07/03/2025,4,31795
654,07/03/2025,5,36837
655,07/03/2025,6,1959
656,07/03/2025,7,9909
657,07/03/2025,8,26040
658,07/03/2025,9,5164
659,07/03/2025,10,13727
660,08/03/2025,1,20275
661,08/03/2025,2,25839
662,08/03/2025,3,6690
663,08/03/2025,4,10386
664,08/03/2025,5,6739
665,08/03/2025,6,25235
666,08/03/2025,7,32137
667,08/03/2025,8,11261
668,08/03/2025,9,10968
669,08/03/2025,10,17685
670,09/03/2025,1,52568
671,09/03/2025,2,48233
672,09/03/2025,3,44800
673,09/03/2025,4,42735
674,09/03/2025,5,28966
675,09/03/2025,6,26383
676,09/03/2025,7,15018
677,09/03/2025,8,24545
678,09/03/2025,9,33991
679,09/03/2025,10,22350
680,10/03/2025,1,29153
681,10/03/2025,2,52274
682,10/03/2025,3,37324
683,10/03/2025,4,24469
684,10/03/2025,5,2629
685,10/03/2025,6,11080
686,10/03/2025,7,42051
687,10/03/2025,8,27263
688,10/03/2025,9,52794
689,10/03/2025,10,13391
690,11/03/2025,1,4371
691,11/03/2025,2,20670
692,11/03/2025,3,1894
693,11/03/2025,4,26923
694,11/03/2025,5,46913
695,11/03/2025,6,12997
696,11/03/2025,7,39577
697,11/03/2025,8,25417
698,11/03/2025,9,48515
699,11/03/2025,10,38198
700,12/03/2025,1,37722
701,12/03/2025,2,19121
702,12/03/2025,3,33227
703,12/03/2025,4,13206
704,12/03/2025,5,15047
705,12/03/2025,6,9103
706,12/03/2025,7,24444
707,12/03/2025,8,37692
708,12/03/2025,9,45917
709,12/03/2025,10,48359
710,13/03/2025,1,2267
711,13/03/2025,2,52968
712,13/03/2025,3,7470
713,13/03/2025,4,43093
714,13/03/2025,5,42088
715,13/03/2025,6,46542
716,13/03/2025,7,44251
717,13/03/2025,8,19457
718,13/03/2025,9,21438
719,13/03/2025,10,54520
720,14/03/2025,1,6423
721,14/03/2025,2,40250
722,14/03/2025,3,53576
723,14/03/2025,4,26416
724,14/03/2025,5,7083
725,14/03/2025,6,18585
726,14/03/2025,7,54024
727,14/03/2025,8,15378
728,14/03/2025,9,25367
729,14/03/2025,10,14366
730,15/03/2025,1,16459
731,15/03/2025,2,49173
732,15/03/2025,3,40895
733,15/03/2025,4,39828
734,15/03/2025,5,37830
735,15/03/2025,6,8623
736,15/03/2025,7,8628
737,15/03/2025,8,17140
738,15/03/2025,9,47379
739,15/03/2025,10,26120
740,16/03/2025,1,28970
741,16/03/2025,2,47385
742,16/03/2025,3,14147
743,16/03/2025,4,27604
744,16/03/2025,5,19133
745,16/03/2025,6,8856
746,16/03/2025,7,4417
747,16/03/2025,8,1801
748,16/03/2025,9,17128
749,16/03/2025,10,27169
750,17/03/2025,1,51070
751,17/03/2025,2,20248
752,17/03/2025,3,31749
753,17/03/2025,4,6905
754,17/03/2025,5,31243
755,17/03/2025,6,6885
756,17/03/2025,7,53144
757,17/03/2025,8,37450
758,17/03/2025,9,27933
759,17/03/2025,10,25383
760,18/03/2025,1,48268
761,18/03/2025,2,46928
762,18/03/2025,3,24662
763,18/03/2025,4,48330
764,18/03/2025,5,53019
765,18/03/2025,6,12370
766,18/03/2025,7,4357
767,18/03/2025,8,19090
768,18/03/2025,9,40257
769,18/03/2025,10,9989
770,19/03/2025,1,20689
771,19/03/2025,2,47044
772,19/03/2025,3,33831
773,19/03/2025,4,7674
774,19/03/2025,5,31657
775,19/03/2025,6,21153
776,19/03/2025,7,38511
777,19/03/2025,8,35436
778,19/03/2025,9,43352
779,19/03/2025,10,46545
780,20/03/2025,1,51989
781,20/03/2025,2,6245
782,20/03/2025,3,34376
783,20/03/2025,4,22649
784,20/03/2025,5,5006
785,20/03/2025,6,50027
786,20/03/2025,7,45939
787,20/03/2025,8,48441
788,20/03/2025,9,28072
789,20/03/2025,10,4579
790,21/03/2025,1,13013
791,21/03/2025,2,35366
792,21/03/2025,3,14410
793,21/03/2025,4,32818
794,21/03/2025,5,50030
795,21/03/2025,6,27424
796,21/03/2025,7,43213
797,21/03/2025,8,46876
798,21/03/2025,9,24252
799,21/03/2025,10,37723
800,22/03/2025,1,10577
801,22/03/2025,2,40600
802,22/03/2025,3,28895
803,22/03/2025,4,46805
804,22/03/2025,5,52803
805,22/03/2025,6,4959
806,22/03/2025,7,29334
807,22/03/2025,8,44318
808,22/03/2025,9,30157
809,22/03/2025,10,5649
810,23/03/2025,1,26001
811,23/03/2025,2,45733
812,23/03/2025,3,39353
813,23/03/2025,4,37697
814,23/03/2025,5,14455
815,23/03/2025,6,22986
816,23/03/2025,7,2708
817,23/03/2025,8,34918
818,23/03/2025,9,14629
819,23/03/2025,10,8885
820,24/03/2025,1,51828
821,24/03/2025,2,3049
822,24/03/2025,3,45705
823,24/03/2025,4,14251
824,24/03/2025,5,45282
825,24/03/2025,6,42905
826,24/03/2025,7,34907
827,24/03/2025,8,18486
828,24/03/2025,9,26055
829,24/03/2025,10,54526
830,25/03/2025,1,52722
831,25/03/2025,2,54271
832,25/03/2025,3,17584
833,25/03/2025,4,12488
834,25/03/2025,5,24130
835,25/03/2025,6,9653
836,25/03/2025,7,16186
837,25/03/2025,8,18535
838,25/03/2025,9,19588
839,25/03/2025,10,28554
840,26/03/2025,1,26928
841,26/03/2025,2,36536
842,26/03/2025,3,29532
843,26/03/2025,4,21494
844,26/03/2025,5,45230
845,26/03/2025,6,3793
846,26/03/2025,7,52552
847,26/03/2025,8,22191
848,26/03/2025,9,32124
849,26/03/2025,10,7965
850,27/03/2025,1,8444
851,27/03/2025,2,15890
852,27/03/2025,3,33462
853,27/03/2025,4,40767
854,27/03/2025,5,33036
855,27/03/2025,6,11882
856,27/03/2025,7,28723
857,27/03/2025,8,12254
858,27/03/2025,9,1239
859,27/03/2025,10,41004
860,28/03/2025,1,23750
861,28/03/2025,2,33030
862,28/03/2025,3,25511
863,28/03/2025,4,30884
864,28/03/2025,5,41464
865,28/03/2025,6,8629
866,28/03/2025,7,31384
867,28/03/2025,8,15937
868,28/03/2025,9,31573
869,28/03/2025,10,1433
870,29/03/2025,1,7153
871,29/03/2025,2,33516
872,29/03/2025,3,19677
873,29/03/2025,4,18953
874,29/03/2025,5,51765
875,29/03/2025,6,41094
876,29/03/2025,7,4460
877,29/03/2025,8,7681
878,29/03/2025,9,32811
879,29/03/2025,10,33404
880,30/03/2025,1,1719
881,30/03/2025,2,17805
882,30/03/2025,3,18155
883,30/03/2025,4,46563
884,30/03/2025,5,37333
885,30/03/2025,6,46434
886,30/03/2025,7,12874
887,30/03/2025,8,54137
888,30/03/2025,9,21753
889,30/03/2025,10,50754
890,31/03/2025,1,16798
891,31/03/2025,2,15298
892,31/03/2025,3,44629
893,31/03/2025,4,31499
894,31/03/2025,5,16809
895,31/03/2025,6,34424
896,31/03/2025,7,51567
897,31/03/2025,8,33431
898,31/03/2025,9,18601
899,31/03/2025,10,4490
900,01/04/2025,1,24185
901,01/04/2025,2,38616
902,01/04/2025,3,23688
903,01/04/2025,4,32272
904,01/04/2025,5,15662
905,01/04/2025,6,51297
906,01/04/2025,7,48309
907,01/04/2025,8,14659
908,01/04/2025,9,38690
909,01/04/2025,10,52761
910,02/04/2025,1,38412
911,02/04/2025,2,10857
912,02/04/2025,3,43766
913,02/04/2025,4,11477
914,02/04/2025,5,25290
915,02/04/2025,6,12554
916,02/04/2025,7,27895
917,02/04/2025,8,33180
918,02/04/2025,9,12722
919,02/04/2025,10,13090
920,03/04/2025,1,13552
921,03/04/2025,2,32282
922,03/04/2025,3,30244
923,03/04/2025,4,10647
924,03/04/2025,5,24471
925,03/04/2025,6,10905
926,03/04/2025,7,28637
927,03/04/2025,8,11831
928,03/04/2025,9,19385
929,03/04/2025,10,44723
930,04/04/2025,1,29164
931,04/04/2025,2,29090
932,04/04/2025,3,42593
933,04/04/2025,4,52531
934,04/04/2025,5,9520
935,04/04/2025,6,48313
936,04/04/2025,7,50590
937,04/04/2025,8,1509
938,04/04/2025,9,49083
939,04/04/2025,10,38705
940,05/04/2025,1,12555
941,05/04/2025,2,19265
942,05/04/2025,3,38365
943,05/04/2025,4,49107
944,05/04/2025,5,1218
945,05/04/2025,6,51525
946,05/04/2025,7,53802
947,05/04/2025,8,45636
948,05/04/2025,9,43562
949,05/04/2025,10,41169
950,06/04/2025,1,38428
951,06/04/2025,2,29755
952,06/04/2025,3,15752
953,06/04/2025,4,9039
954,06/04/2025,5,44531
955,06/04/2025,6,28586
956,06/04/2025,7,10824
957,06/04/2025,8,27043
958,06/04/2025,9,25909
959,06/04/2025,10,17506
960,07/04/2025,1,12749
961,07/04/2025,2,3306
962,07/04/2025,3,51043
963,07/04/2025,4,20258
964,07/04/2025,5,27859
965,07/04/2025,6,51038
966,07/04/2025,7,47924
967,07/04/2025,8,2651
968,07/04/2025,9,25450
969,07/04/2025,10,16928
970,08/04/2025,1,26644
971,08/04/2025,2,53937
972,08/04/2025,3,30190
973,08/04/2025,4,14629
974,08/04/2025,5,6404
975,08/04/2025,6,20807
976,08/04/2025,7,36985
977,08/04/2025,8,29634
978,08/04/2025,9,42491
979,08/04/2025,10,49333
980,09/04/2025,1,47146
981,09/04/2025,2,49957
982,09/04/2025,3,28070
983,09/04/2025,4,4482
984,09/04/2025,5,28716
985,09/04/2025,6,15727
986,09/04/2025,7,38404
987,09/04/2025,8,37594
988,09/04/2025,9,17455
989,09/04/2025,10,1774
990,10/04/2025,1,1591
991,10/04/2025,2,4426
992,10/04/2025,3,54791
993,10/04/2025,4,9743
994,10/04/2025,5,23305
995,10/04/2025,6,16668
996,10/04/2025,7,45353
997,10/04/2025,8,26207
998,10/04/2025,9,43012
999,10/04/2025,10,6589
1000,11/04/2025,1,21530
1001,11/04/2025,2,51420
1002,11/04/2025,3,41610
1003,11/04/2025,4,39735
1004,11/04/2025,5,4625
1005,11/04/2025,6,32067
1006,11/04/2025,7,53880
1007,11/04/2025,8,15979
1008,11/04/2025,9,46687
1009,11/04/2025,10,14460
1010,12/04/2025,1,17274
1011,12/04/2025,2,7480
1012,12/04/2025,3,35069
1013,12/04/2025,4,44729
1014,12/04/2025,5,18688
1015,12/04/2025,6,25716
1016,12/04/2025,7,54570
1017,12/04/2025,8,34870
1018,12/04/2025,9,40398
1019,12/04/2025,10,7887
1020,13/04/2025,1,9064
1021,13/04/2025,2,38422
1022,13/04/2025,3,38306
1023,13/04/2025,4,47516
1024,13/04/2025,5,23276
1025,13/04/2025,6,12215
1026,13/04/2025,7,44496
1027,13/04/2025,8,34586
1028,13/04/2025,9,34368
1029,13/04/2025,10,41214
1030,14/04/2025,1,8656
1031,14/04/2025,2,14398
1032,14/04/2025,3,26526
1033,14/04/2025,4,46917
1034,14/04/2025,5,15629
1035,14/04/2025,6,45807
1036,14/04/2025,7,22146
1037,14/04/2025,8,7060
1038,14/04/2025,9,5628
1039,14/04/2025,10,51576
1040,15/04/2025,1,11142
1041,15/04/2025,2,32654
1042,15/04/2025,3,19809
1043,15/04/2025,4,50224
1044,15/04/2025,5,51421
1045,15/04/2025,6,42059
1046,15/04/2025,7,40316
1047,15/04/2025,8,20223
1048,15/04/2025,9,9849
1049,15/04/2025,10,43653
1050,16/04/2025,1,15817
1051,16/04/2025,2,20400
1052,16/04/2025,3,1560
1053,16/04/2025,4,46828
1054,16/04/2025,5,29105
1055,16/04/2025,6,41702
1056,16/04/2025,7,47620
1057,16/04/2025,8,30718
1058,16/04/2025,9,42732
1059,16/04/2025,10,23800
1060,17/04/2025,1,42367
1061,17/04/2025,2,26945
1062,17/04/2025,3,47354
1063,17/04/2025,4,24146
1064,17/04/2025,5,14678
1065,17/04/2025,6,51366
1066,17/04/2025,7,13046
1067,17/04/2025,8,26295
1068,17/04/2025,9,28570
1069,17/04/2025,10,43362
1070,18/04/2025,1,30251
1071,18/04/2025,2,8483
1072,18/04/2025,3,10561
1073,18/04/2025,4,49045
1074,18/04/2025,5,44168
1075,18/04/2025,6,30218
1076,18/04/2025,7,36378
1077,18/04/2025,8,6463
1078,18/04/2025,9,18200
1079,18/04/2025,10,43251
1080,19/04/2025,1,3710
1081,19/04/2025,2,21854
1082,19/04/2025,3,23872
1083,19/04/2025,4,51827
1084,19/04/2025,5,35769
1085,19/04/2025,6,45922
1086,19/04/2025,7,16135
1087,19/04/2025,8,6993
1088,19/04/2025,9,31710
1089,19/04/2025,10,7619
1090,20/04/2025,1,31098
1091,20/04/2025,2,22135
1092,20/04/2025,3,52585
1093,20/04/2025,4,36733
1094,20/04/2025,5,46599
1095,20/04/2025,6,28332
1096,20/04/2025,7,21073
1097,20/04/2025,8,51821
1098,20/04/2025,9,53594
1099,20/04/2025,10,52570
1100,21/04/2025,1,40783
1101,21/04/2025,2,1294
1102,21/04/2025,3,50953
1103,21/04/2025,4,11398
1104,21/04/2025,5,50319
1105,21/04/2025,6,38503
1106,21/04/2025,7,11496
1107,21/04/2025,8,18485
1108,21/04/2025,9,24512
1109,21/04/2025,10,33748
1110,22/04/2025,1,12038
1111,22/04/2025,2,2710
1112,22/04/2025,3,37212
1113,22/04/2025,4,31188
1114,22/04/2025,5,16725
1115,22/04/2025,6,15898
1116,22/04/2025,7,42654
1117,22/04/2025,8,3671
1118,22/04/2025,9,38330
1119,22/04/2025,10,17953
1120,23/04/2025,1,38472
1121,23/04/2025,2,20010
1122,23/04/2025,3,24330
1123,23/04/2025,4,40986
1124,23/04/2025,5,21364
1125,23/04/2025,6,50826
1126,23/04/2025,7,1623
1127,23/04/2025,8,15740
1128,23/04/2025,9,38907
1129,23/04/2025,10,27307
1130,24/04/2025,1,37920
1131,24/04/2025,2,40954
1132,24/04/2025,3,23936
1133,24/04/2025,4,21482
1134,24/04/2025,5,25191
1135,24/04/2025,6,36161
1136,24/04/2025,7,10599
1137,24/04/2025,8,7170
1138,24/04/2025,9,14381
1139,24/04/2025,10,19521
1140,25/04/2025,1,43911
1141,25/04/2025,2,16726
1142,25/04/2025,3,43531
1143,25/04/2025,4,3330
1144,25/04/2025,5,32527
1145,25/04/2025,6,16702
1146,25/04/2025,7,19520
1147,25/04/2025,8,13505
1148,25/04/2025,9,49517
1149,25/04/2025,10,20629
1150,26/04/2025,1,38524
1151,26/04/2025,2,36997
1152,26/04/2025,3,25307
1153,26/04/2025,4,47374
1154,26/04/2025,5,24295
1155,26/04/2025,6,23735
1156,26/04/2025,7,17780
1157,26/04/2025,8,47859
1158,26/04/2025,9,1292
1159,26/04/2025,10,28756
1160,27/04/2025,1,25820
1161,27/04/2025,2,36761
1162,27/04/2025,3,40913
1163,27/04/2025,4,17306
1164,27/04/2025,5,28835
1165,27/04/2025,6,41520
1166,27/04/2025,7,30355
1167,27/04/2025,8,20674
1168,27/04/2025,9,15703
1169,27/04/2025,10,39032
1170,28/04/2025,1,45476
1171,28/04/2025,2,54627
1172,28/04/2025,3,41496
1173,28/04/2025,4,49160
1174,28/04/2025,5,13014
1175,28/04/2025,6,50782
1176,28/04/2025,7,8108
1177,28/04/2025,8,8023
1178,28/04/2025,9,48570
1179,28/04/2025,10,5259
1180,29/04/2025,1,34863
1181,29/04/2025,2,14432
1182,29/04/2025,3,1202
1183,29/04/2025,4,45433
1184,29/04/2025,5,22353
1185,29/04/2025,6,39939
1186,29/04/2025,7,51738
1187,29/04/2025,8,42262
1188,29/04/2025,9,45972
1189,29/04/2025,10,31338
1190,30/04/2025,1,54912
1191,30/04/2025,2,28037
1192,30/04/2025,3,23621
1193,30/04/2025,4,15754
1194,30/04/2025,5,46214
1195,30/04/2025,6,43118
1196,30/04/2025,7,39542
1197,30/04/2025,8,43016
1198,30/04/2025,9,31890
1199,30/04/2025,10,31438
1200,01/05/2025,1,25711
1201,01/05/2025,2,50064
1202,01/05/2025,3,47011
1203,01/05/2025,4,34914
1204,01/05/2025,5,48430
1205,01/05/2025,6,4273
1206,01/05/2025,7,29445
1207,01/05/2025,8,35622
1208,01/05/2025,9,22284
1209,01/05/2025,10,21249
1210,02/05/2025,1,54774
1211,02/05/2025,2,13117
1212,02/05/2025,3,22775
1213,02/05/2025,4,31142
1214,02/05/2025,5,19915
1215,02/05/2025,6,4287
1216,02/05/2025,7,49251
1217,02/05/2025,8,49042
1218,02/05/2025,9,18361
1219,02/05/2025,10,1492
1220,03/05/2025,1,11965
1221,03/05/2025,2,24961
1222,03/05/2025,3,27934
1223,03/05/2025,4,24967
1224,03/05/2025,5,33472
1225,03/05/2025,6,52495
1226,03/05/2025,7,51956
1227,03/05/2025,8,3963
1228,03/05/2025,9,29173
1229,03/05/2025,10,4673
1230,04/05/2025,1,26161
1231,04/05/2025,2,48977
1232,04/05/2025,3,6381
1233,04/05/2025,4,35679
1234,04/05/2025,5,47241
1235,04/05/2025,6,18494
1236,04/05/2025,7,40086
1237,04/05/2025,8,2427
1238,04/05/2025,9,12953
1239,04/05/2025,10,39719
1240,05/05/2025,1,52654
1241,05/05/2025,2,37699
1242,05/05/2025,3,54479
1243,05/05/2025,4,1076
1244,05/05/2025,5,18483
1245,05/05/2025,6,36820
1246,05/05/2025,7,51458
1247,05/05/2025,8,11647
1248,05/05/2025,9,13014
1249,05/05/2025,10,41282
1250,06/05/2025,1,25736
1251,06/05/2025,2,37498
1252,06/05/2025,3,22435
1253,06/05/2025,4,23666
1254,06/05/2025,5,39826
1255,06/05/2025,6,1302
1256,06/05/2025,7,23482
1257,06/05/2025,8,26409
1258,06/05/2025,9,27759
1259,06/05/2025,10,21104
1260,07/05/2025,1,40188
1261,07/05/2025,2,19940
1262,07/05/2025,3,30907
1263,07/05/2025,4,39535
1264,07/05/2025,5,8412
1265,07/05/2025,6,42006
1266,07/05/2025,7,15178
1267,07/05/2025,8,39357
1268,07/05/2025,9,49172
1269,07/05/2025,10,53422
1270,08/05/2025,1,33043
1271,08/05/2025,2,16008
1272,08/05/2025,3,21227
1273,08/05/2025,4,12644
1274,08/05/2025,5,43040
1275,08/05/2025,6,19592
1276,08/05/2025,7,34857
1277,08/05/2025,8,28789
1278,08/05/2025,9,32227
1279,08/05/2025,10,1686
1280,09/05/2025,1,7432
1281,09/05/2025,2,1564
1282,09/05/2025,3,49102
1283,09/05/2025,4,14763
1284,09/05/2025,5,16356
1285,09/05/2025,6,44330
1286,09/05/2025,7,18664
1287,09/05/2025,8,47449
1288,09/05/2025,9,18594
1289,09/05/2025,10,33099
1290,10/05/2025,1,47105
1291,10/05/2025,2,31049
1292,10/05/2025,3,32617
1293,10/05/2025,4,9524
1294,10/05/2025,5,48400
1295,10/05/2025,6,4234
1296,10/05/2025,7,28808
1297,10/05/2025,8,39749
1298,10/05/2025,9,30936
1299,10/05/2025,10,45925
1300,11/05/2025,1,2316
1301,11/05/2025,2,16736
1302,11/05/2025,3,49770
1303,11/05/2025,4,27662
1304,11/05/2025,5,41264
1305,11/05/2025,6,15852
1306,11/05/2025,7,31178
1307,11/05/2025,8,12679
1308,11/05/2025,9,16875
1309,11/05/2025,10,52269
1310,12/05/2025,1,42855
1311,12/05/2025,2,52068
1312,12/05/2025,3,29621
1313,12/05/2025,4,14686
1314,12/05/2025,5,26945
1315,12/05/2025,6,49212
1316,12/05/2025,7,34170
1317,12/05/2025,8,7848
1318,12/05/2025,9,15899
1319,12/05/2025,10,45556
1320,13/05/2025,1,51536
1321,13/05/2025,2,49289
1322,13/05/2025,3,25029
1323,13/05/2025,4,25978
1324,13/05/2025,5,43179
1325,13/05/2025,6,43124
1326,13/05/2025,7,18825
1327,13/05/2025,8,37754
1328,13/05/2025,9,8237
1329,13/05/2025,10,35143
1330,14/05/2025,1,36858
1331,14/05/2025,2,30282
1332,14/05/2025,3,51478
1333,14/05/2025,4,18238
1334,14/05/2025,5,42571
1335,14/05/2025,6,22964
1336,14/05/2025,7,54364
1337,14/05/2025,8,50119
1338,14/05/2025,9,32111
1339,14/05/2025,10,11019
1340,15/05/2025,1,21829
1341,15/05/2025,2,50512
1342,15/05/2025,3,42531
1343,15/05/2025,4,3584
1344,15/05/2025,5,39289
1345,15/05/2025,6,19464
1346,15/05/2025,7,11870
1347,15/05/2025,8,9011
1348,15/05/2025,9,30966
1349,15/05/2025,10,4759
1350,16/05/2025,1,19509
1351,16/05/2025,2,46320
1352,16/05/2025,3,28549
1353,16/05/2025,4,32484
1354,16/05/2025,5,33447
1355,16/05/2025,6,54210
1356,16/05/2025,7,10627
1357,16/05/2025,8,54241
1358,16/05/2025,9,42083
1359,16/05/2025,10,20248
1360,17/05/2025,1,46548
1361,17/05/2025,2,34033
1362,17/05/2025,3,7430
1363,17/05/2025,4,44622
1364,17/05/2025,5,18846
1365,17/05/2025,6,36281
1366,17/05/2025,7,38363
1367,17/05/2025,8,28770
1368,17/05/2025,9,42150
1369,17/05/2025,10,51771
1370,18/05/2025,1,37172
1371,18/05/2025,2,52432
1372,18/05/2025,3,39729
1373,18/05/2025,4,29063
1374,18/05/2025,5,26191
1375,18/05/2025,6,18757
1376,18/05/2025,7,13544
1377,18/05/2025,8,27988
1378,18/05/2025,9,22762
1379,18/05/2025,10,44332
1380,19/05/2025,1,35371
1381,19/05/2025,2,30670
1382,19/05/2025,3,20535
1383,19/05/2025,4,50117
1384,19/05/2025,5,28449
1385,19/05/2025,6,46827
1386,19/05/2025,7,13128
1387,19/05/2025,8,13666
1388,19/05/2025,9,43160
1389,19/05/2025,10,42095
1390,20/05/2025,1,20490
1391,20/05/2025,2,46465
1392,20/05/2025,3,37070
1393,20/05/2025,4,46634
1394,20/05/2025,5,41886
1395,20/05/2025,6,10985
1396,20/05/2025,7,14707
1397,20/05/2025,8,42582
1398,20/05/2025,9,2420
1399,20/05/2025,10,15004
1400,21/05/2025,1,33667
1401,21/05/2025,2,39149
1402,21/05/2025,3,30680
1403,21/05/2025,4,50402
1404,21/05/2025,5,37491
1405,21/05/2025,6,52867
1406,21/05/2025,7,46666
1407,21/05/2025,8,44300
1408,21/05/2025,9,49553
1409,21/05/2025,10,43295
1410,22/05/2025,1,9386
1411,22/05/2025,2,36901
1412,22/05/2025,3,8770
1413,22/05/2025,4,38857
1414,22/05/2025,5,41734
1415,22/05/2025,6,12011
1416,22/05/2025,7,36604
1417,22/05/2025,8,52697
1418,22/05/2025,9,24073
1419,22/05/2025,10,25643
1420,23/05/2025,1,39906
1421,23/05/2025,2,8329
1422,23/05/2025,3,27665
1423,23/05/2025,4,35636
1424,23/05/2025,5,1808
1425,23/05/2025,6,42043
1426,23/05/2025,7,8533
1427,23/05/2025,8,38237
1428,23/05/2025,9,31726
1429,23/05/2025,10,34529
1430,24/05/2025,1,54629
1431,24/05/2025,2,7638
1432,24/05/2025,3,40319
1433,24/05/2025,4,7758
1434,24/05/2025,5,19706
1435,24/05/2025,6,6230
1436,24/05/2025,7,51280
1437,24/05/2025,8,49625
1438,24/05/2025,9,20531
1439,24/05/2025,10,50126
1440,25/05/2025,1,22693
1441,25/05/2025,2,36625
1442,25/05/2025,3,47443
1443,25/05/2025,4,10131
1444,25/05/2025,5,12202
1445,25/05/2025,6,14513
1446,25/05/2025,7,1873
1447,25/05/2025,8,39492
1448,25/05/2025,9,18100
1449,25/05/2025,10,32420
1450,26/05/2025,1,54049
1451,26/05/2025,2,29058
1452,26/05/2025,3,19847
1453,26/05/2025,4,8538
1454,26/05/2025,5,30696
1455,26/05/2025,6,44196
1456,26/05/2025,7,7894
1457,26/05/2025,8,21223
1458,26/05/2025,9,3755
1459,26/05/2025,10,40978
1460,27/05/2025,1,16479
1461,27/05/2025,2,50225
1462,27/05/2025,3,52437
1463,27/05/2025,4,41479
1464,27/05/2025,5,26326
1465,27/05/2025,6,37952
1466,27/05/2025,7,52823
1467,27/05/2025,8,26120
1468,27/05/2025,9,47247
1469,27/05/2025,10,20439
1470,28/05/2025,1,34967
1471,28/05/2025,2,11436
1472,28/05/2025,3,19110
1473,28/05/2025,4,3025
1474,28/05/2025,5,26176
1475,28/05/2025,6,51803
1476,28/05/2025,7,26674
1477,28/05/2025,8,3788
1478,28/05/2025,9,17749
1479,28/05/2025,10,33520
1480,29/05/2025,1,45073
1481,29/05/2025,2,15421
1482,29/05/2025,3,28950
1483,29/05/2025,4,46375
1484,29/05/2025,5,33475
1485,29/05/2025,6,32061
1486,29/05/2025,7,29571
1487,29/05/2025,8,3979
1488,29/05/2025,9,6667
1489,29/05/2025,10,8813
1490,30/05/2025,1,4446
1491,30/05/2025,2,2235
1492,30/05/2025,3,16372
1493,30/05/2025,4,33753
1494,30/05/2025,5,54485
1495,30/05/2025,6,19359
1496,30/05/2025,7,14928
1497,30/05/2025,8,20222
1498,30/05/2025,9,49391
1499,30/05/2025,10,5992
1500,31/05/2025,1,24676
1501,31/05/2025,2,12515
1502,31/05/2025,3,27051
1503,31/05/2025,4,42387
1504,31/05/2025,5,20644
1505,31/05/2025,6,54035
1506,31/05/2025,7,50120
1507,31/05/2025,8,54639
1508,31/05/2025,9,5786
1509,31/05/2025,10,3271
1510,01/06/2025,1,12125
1511,01/06/2025,2,36863
1512,01/06/2025,3,51965
1513,01/06/2025,4,6835
1514,01/06/2025,5,7158
1515,01/06/2025,6,22562
1516,01/06/2025,7,46508
1517,01/06/2025,8,34500
1518,01/06/2025,9,32371
1519,01/06/2025,10,41665
1520,02/06/2025,1,48652
1521,02/06/2025,2,45404
1522,02/06/2025,3,4725
1523,02/06/2025,4,21109
1524,02/06/2025,5,27450
1525,02/06/2025,6,16249
1526,02/06/2025,7,1265
1527,02/06/2025,8,12253
1528,02/06/2025,9,27585
1529,02/06/2025,10,9682
1530,03/06/2025,1,48042
1531,03/06/2025,2,4097
1532,03/06/2025,3,53146
1533,03/06/2025,4,29936
1534,03/06/2025,5,33205
1535,03/06/2025,6,26719
1536,03/06/2025,7,14559
1537,03/06/2025,8,23030
1538,03/06/2025,9,50165
1539,03/06/2025,10,17469
1540,04/06/2025,1,23549
1541,04/06/2025,2,54714
1542,04/06/2025,3,32482
1543,04/06/2025,4,47683
1544,04/06/2025,5,22983
1545,04/06/2025,6,47677
1546,04/06/2025,7,19438
1547,04/06/2025,8,34389
1548,04/06/2025,9,16659
1549,04/06/2025,10,38941
1550,05/06/2025,1,11822
1551,05/06/2025,2,42488
1552,05/06/2025,3,39081
1553,05/06/2025,4,3828
1554,05/06/2025,5,53103
1555,05/06/2025,6,25626
1556,05/06/2025,7,32087
1557,05/06/2025,8,23000
1558,05/06/2025,9,43024
1559,05/06/2025,10,22686
1560,06/06/2025,1,10530
1561,06/06/2025,2,36528
1562,06/06/2025,3,32352
1563,06/06/2025,4,51118
1564,06/06/2025,5,39798
1565,06/06/2025,6,2792
1566,06/06/2025,7,5554
1567,06/06/2025,8,51453
1568,06/06/2025,9,24140
1569,06/06/2025,10,10859
1570,07/06/2025,1,19077
1571,07/06/2025,2,34747
1572,07/06/2025,3,48698
1573,07/06/2025,4,25489
1574,07/06/2025,5,30377
1575,07/06/2025,6,28390
1576,07/06/2025,7,4376
1577,07/06/2025,8,18796
1578,07/06/2025,9,27153
1579,07/06/2025,10,38706
1580,08/06/2025,1,33998
1581,08/06/2025,2,54388
1582,08/06/2025,3,32521
1583,08/06/2025,4,7876
1584,08/06/2025,5,47312
1585,08/06/2025,6,13308
1586,08/06/2025,7,47175
1587,08/06/2025,8,3505
1588,08/06/2025,9,17958
1589,08/06/2025,10,1756
1590,09/06/2025,1,4037
1591,09/06/2025,2,13767
1592,09/06/2025,3,6858
1593,09/06/2025,4,30629
1594,09/06/2025,5,6711
1595,09/06/2025,6,54674
1596,09/06/2025,7,50632
1597,09/06/2025,8,52447
1598,09/06/2025,9,35425
1599,09/06/2025,10,43726
1600,10/06/2025,1,19385
1601,10/06/2025,2,42609
1602,10/06/2025,3,7269
1603,10/06/2025,4,53227
1604,10/06/2025,5,7719
1605,10/06/2025,6,25818
1606,10/06/2025,7,12748
1607,10/06/2025,8,16515
1608,10/06/2025,9,32537
1609,10/06/2025,10,51100
1610,11/06/2025,1,7875
1611,11/06/2025,2,45251
1612,11/06/2025,3,53288
1613,11/06/2025,4,44835
1614,11/06/2025,5,21230
1615,11/06/2025,6,16242
1616,11/06/2025,7,26152
1617,11/06/2025,8,42455
1618,11/06/2025,9,18070
1619,11/06/2025,10,41504
1620,12/06/2025,1,9180
1621,12/06/2025,2,25440
1622,12/06/2025,3,47058
1623,12/06/2025,4,7053
1624,12/06/2025,5,10166
1625,12/06/2025,6,52652
1626,12/06/2025,7,21011
1627,12/06/2025,8,40017
1628,12/06/2025,9,53886
1629,12/06/2025,10,11548
1630,13/06/2025,1,52411
1631,13/06/2025,2,20145
1632,13/06/2025,3,35307
1633,13/06/2025,4,42778
1634,13/06/2025,5,21717
1635,13/06/2025,6,40415
1636,13/06/2025,7,16264
1637,13/06/2025,8,7823
1638,13/06/2025,9,49928
1639,13/06/2025,10,41681
1640,14/06/2025,1,5871
1641,14/06/2025,2,33081
1642,14/06/2025,3,48038
1643,14/06/2025,4,15232
1644,14/06/2025,5,36976
1645,14/06/2025,6,20177
1646,14/06/2025,7,53909
1647,14/06/2025,8,19765
1648,14/06/2025,9,31264
1649,14/06/2025,10,34710
1650,15/06/2025,1,39115
1651,15/06/2025,2,24834
1652,15/06/2025,3,3943
1653,15/06/2025,4,15502
1654,15/06/2025,5,49040
1655,15/06/2025,6,44866
1656,15/06/2025,7,39111
1657,15/06/2025,8,34829
1658,15/06/2025,9,35912
1659,15/06/2025,10,4506
1660,16/06/2025,1,11940
1661,16/06/2025,2,37064
1662,16/06/2025,3,24563
1663,16/06/2025,4,16539
1664,16/06/2025,5,22335
1665,16/06/2025,6,7790
1666,16/06/2025,7,53113
1667,16/06/2025,8,13910
1668,16/06/2025,9,18849
1669,16/06/2025,10,32318
1670,17/06/2025,1,50673
1671,17/06/2025,2,24890
1672,17/06/2025,3,14075
1673,17/06/2025,4,2356
1674,17/06/2025,5,29839
1675,17/06/2025,6,20978
1676,17/06/2025,7,48358
1677,17/06/2025,8,43819
1678,17/06/2025,9,29251
1679,17/06/2025,10,33721
1680,18/06/2025,1,35145
1681,18/06/2025,2,5384
1682,18/06/2025,3,27352
1683,18/06/2025,4,49049
1684,18/06/2025,5,19047
1685,18/06/2025,6,12361
1686,18/06/2025,7,41193
1687,18/06/2025,8,2740
1688,18/06/2025,9,5129
1689,18/06/2025,10,22314
1690,19/06/2025,1,26173
1691,19/06/2025,2,9280
1692,19/06/2025,3,19188
1693,19/06/2025,4,40831
1694,19/06/2025,5,2219
1695,19/06/2025,6,12598
1696,19/06/2025,7,39112
1697,19/06/2025,8,24282
1698,19/06/2025,9,15025
1699,19/06/2025,10,54729
1700,20/06/2025,1,44994
1701,20/06/2025,2,16597
1702,20/06/2025,3,8437
1703,20/06/2025,4,26470
1704,20/06/2025,5,10987
1705,20/06/2025,6,23191
1706,20/06/2025,7,10428
1707,20/06/2025,8,30645
1708,20/06/2025,9,22981
1709,20/06/2025,10,47110
1710,21/06/2025,1,7910
1711,21/06/2025,2,34487
1712,21/06/2025,3,24961
1713,21/06/2025,4,43454
1714,21/06/2025,5,39606
1715,21/06/2025,6,3475
1716,21/06/2025,7,11325
1717,21/06/2025,8,31572
1718,21/06/2025,9,15312
1719,21/06/2025,10,1988
1720,22/06/2025,1,43281
1721,22/06/2025,2,6667
1722,22/06/2025,3,2168
1723,22/06/2025,4,24945
1724,22/06/2025,5,24451
1725,22/06/2025,6,9814
1726,22/06/2025,7,23811
1727,22/06/2025,8,21122
1728,22/06/2025,9,18196
1729,22/06/2025,10,17336
1730,23/06/2025,1,48387
1731,23/06/2025,2,2140
1732,23/06/2025,3,5125
1733,23/06/2025,4,4299
1734,23/06/2025,5,10899
1735,23/06/2025,6,12997
1736,23/06/2025,7,5954
1737,23/06/2025,8,11017
1738,23/06/2025,9,24802
1739,23/06/2025,10,50249
1740,24/06/2025,1,49870
1741,24/06/2025,2,34047
1742,24/06/2025,3,8546
1743,24/06/2025,4,5558
1744,24/06/2025,5,13788
1745,24/06/2025,6,24875
1746,24/06/2025,7,7936
1747,24/06/2025,8,13454
1748,24/06/2025,9,46783
1749,24/06/2025,10,16242
1750,25/06/2025,1,23164
1751,25/06/2025,2,9128
1752,25/06/2025,3,51420
1753,25/06/2025,4,25754
1754,25/06/2025,5,36088
1755,25/06/2025,6,33855
1756,25/06/2025,7,32170
1757,25/06/2025,8,52862
1758,25/06/2025,9,16508
1759,25/06/2025,10,16016
1760,26/06/2025,1,50922
1761,26/06/2025,2,11706
1762,26/06/2025,3,28559
1763,26/06/2025,4,46309
1764,26/06/2025,5,10325
1765,26/06/2025,6,13226
1766,26/06/2025,7,53390
1767,26/06/2025,8,29432
1768,26/06/2025,9,3057
1769,26/06/2025,10,9117
1770,27/06/2025,1,2096
1771,27/06/2025,2,52369
1772,27/06/2025,3,51879
1773,27/06/2025,4,6333
1774,27/06/2025,5,35236
1775,27/06/2025,6,10684
1776,27/06/2025,7,9501
1777,27/06/2025,8,6637
1778,27/06/2025,9,9334
1779,27/06/2025,10,34960
1780,28/06/2025,1,36132
1781,28/06/2025,2,50839
1782,28/06/2025,3,35061
1783,28/06/2025,4,20191
1784,28/06/2025,5,48498
1785,28/06/2025,6,27121
1786,28/06/2025,7,4655
1787,28/06/2025,8,52087
1788,28/06/2025,9,48355
1789,28/06/2025,10,5034
1790,29/06/2025,1,4561
1791,29/06/2025,2,5432
1792,29/06/2025,3,50633
1793,29/06/2025,4,18803
1794,29/06/2025,5,13316
1795,29/06/2025,6,22710
1796,29/06/2025,7,6656
1797,29/06/2025,8,9339
1798,29/06/2025,9,28961
1799,29/06/2025,10,24931
1800,30/06/2025,1,38106
1801,30/06/2025,2,8903
1802,30/06/2025,3,33826
1803,30/06/2025,4,21928
1804,30/06/2025,5,9662
1805,30/06/2025,6,31207
1806,30/06/2025,7,14548
1807,30/06/2025,8,45115
1808,30/06/2025,9,25798
1809,30/06/2025,10,7546
1810,01/07/2025,1,30130
1811,01/07/2025,2,47218
1812,01/07/2025,3,27902
1813,01/07/2025,4,44378
1814,01/07/2025,5,53320
1815,01/07/2025,6,11065
1816,01/07/2025,7,26351
1817,01/07/2025,8,16850
1818,01/07/2025,9,35136
1819,01/07/2025,10,36003
1820,02/07/2025,1,47105
1821,02/07/2025,2,19008
1822,02/07/2025,3,23204
1823,02/07/2025,4,35735
1824,02/07/2025,5,16166
1825,02/07/2025,6,36091
1826,02/07/2025,7,26769
1827,02/07/2025,8,10542
1828,02/07/2025,9,5316
1829,02/07/2025,10,1696
1830,03/07/2025,1,8927
1831,03/07/2025,2,50816
1832,03/07/2025,3,14799
1833,03/07/2025,4,2074
1834,03/07/2025,5,15079
1835,03/07/2025,6,30797
1836,03/07/2025,7,4742
1837,03/07/2025,8,11304
1838,03/07/2025,9,45719
1839,03/07/2025,10,14949
1840,04/07/2025,1,5144
1841,04/07/2025,2,45500
1842,04/07/2025,3,31392
1843,04/07/2025,4,29149
1844,04/07/2025,5,16027
1845,04/07/2025,6,10226
1846,04/07/2025,7,3183
1847,04/07/2025,8,24706
1848,04/07/2025,9,15527
1849,04/07/2025,10,18968
1850,05/07/2025,1,48627
1851,05/07/2025,2,53243
1852,05/07/2025,3,7708
1853,05/07/2025,4,23658
1854,05/07/2025,5,26470
1855,05/07/2025,6,20640
1856,05/07/2025,7,25156
1857,05/07/2025,8,7513
1858,05/07/2025,9,48297
1859,05/07/2025,10,46501
1860,06/07/2025,1,34057
1861,06/07/2025,2,2366
1862,06/07/2025,3,44225
1863,06/07/2025,4,25080
1864,06/07/2025,5,14178
1865,06/07/2025,6,44494
1866,06/07/2025,7,46735
1867,06/07/2025,8,31686
1868,06/07/2025,9,23679
1869,06/07/2025,10,22314
1870,07/07/2025,1,34667
1871,07/07/2025,2,14043
1872,07/07/2025,3,14219
1873,07/07/2025,4,28781
1874,07/07/2025,5,24368
1875,07/07/2025,6,49202
1876,07/07/2025,7,5840
1877,07/07/2025,8,42124
1878,07/07/2025,9,29049
1879,07/07/2025,10,42216
1880,08/07/2025,1,20686
1881,08/07/2025,2,53329
1882,08/07/2025,3,35805
1883,08/07/2025,4,26763
1884,08/07/2025,5,13037
1885,08/07/2025,6,47709
1886,08/07/2025,7,35509
1887,08/07/2025,8,29014
1888,08/07/2025,9,42496
1889,08/07/2025,10,47199
1890,09/07/2025,1,19344
1891,09/07/2025,2,47034
1892,09/07/2025,3,31617
1893,09/07/2025,4,54605
1894,09/07/2025,5,7510
1895,09/07/2025,6,30095
1896,09/07/2025,7,9306
1897,09/07/2025,8,10876
1898,09/07/2025,9,53456
1899,09/07/2025,10,17130
1900,10/07/2025,1,15406
1901,10/07/2025,2,47486
1902,10/07/2025,3,37621
1903,10/07/2025,4,13776
1904,10/07/2025,5,28374
1905,10/07/2025,6,28759
1906,10/07/2025,7,30318
1907,10/07/2025,8,5250
1908,10/07/2025,9,23702
1909,10/07/2025,10,51532
1910,11/07/2025,1,39487
1911,11/07/2025,2,22530
1912,11/07/2025,3,13154
1913,11/07/2025,4,27992
1914,11/07/2025,5,13048
1915,11/07/2025,6,33897
1916,11/07/2025,7,11210
1917,11/07/2025,8,36880
1918,11/07/2025,9,30908
1919,11/07/2025,10,35992
1920,12/07/2025,1,12673
1921,12/07/2025,2,17551
1922,12/07/2025,3,8635
1923,12/07/2025,4,13300
1924,12/07/2025,5,46087
1925,12/07/2025,6,6558
1926,12/07/2025,7,39691
1927,12/07/2025,8,28320
1928,12/07/2025,9,23036
1929,12/07/2025,10,23845
1930,13/07/2025,1,6602
1931,13/07/2025,2,18669
1932,13/07/2025,3,46818
1933,13/07/2025,4,37586
1934,13/07/2025,5,34600
1935,13/07/2025,6,25252
1936,13/07/2025,7,24484
1937,13/07/2025,8,9973
1938,13/07/2025,9,41428
1939,13/07/2025,10,51041
1940,14/07/2025,1,44768
1941,14/07/2025,2,5644
1942,14/07/2025,3,15418
1943,14/07/2025,4,11797
1944,14/07/2025,5,20117
1945,14/07/2025,6,4848
1946,14/07/2025,7,47434
1947,14/07/2025,8,2779
1948,14/07/2025,9,1602
1949,14/07/2025,10,25587
1950,15/07/2025,1,39714
1951,15/07/2025,2,31965
1952,15/07/2025,3,14413
1953,15/07/2025,4,35476
1954,15/07/2025,5,50195
1955,15/07/2025,6,22804
1956,15/07/2025,7,11717
1957,15/07/2025,8,19136
1958,15/07/2025,9,22909
1959,15/07/2025,10,6074
1960,16/07/2025,1,49986
1961,16/07/2025,2,38042
1962,16/07/2025,3,33487
1963,16/07/2025,4,46630
1964,16/07/2025,5,53819
1965,16/07/2025,6,4663
1966,16/07/2025,7,23644
1967,16/07/2025,8,20149
1968,16/07/2025,9,22464
1969,16/07/2025,10,4347
1970,17/07/2025,1,14992
1971,17/07/2025,2,19258
1972,17/07/2025,3,5468
1973,17/07/2025,4,9608
1974,17/07/2025,5,48579
1975,17/07/2025,6,17901
1976,17/07/2025,7,2574
1977,17/07/2025,8,15947
1978,17/07/2025,9,6218
1979,17/07/2025,10,6406
1980,18/07/2025,1,49877
1981,18/07/2025,2,42810
1982,18/07/2025,3,18552
1983,18/07/2025,4,2133
1984,18/07/2025,5,32292
1985,18/07/2025,6,15670
1986,18/07/2025,7,18571
1987,18/07/2025,8,45408
1988,18/07/2025,9,48621
1989,18/07/2025,10,27493
1990,19/07/2025,1,49208
1991,19/07/2025,2,46751
1992,19/07/2025,3,12676
1993,19/07/2025,4,4293
1994,19/07/2025,5,35368
1995,19/07/2025,6,27077
1996,19/07/2025,7,52862
1997,19/07/2025,8,1715
1998,19/07/2025,9,13295
1999,19/07/2025,10,35435
2000,20/07/2025,1,13058
2001,20/07/2025,2,21844
2002,20/07/2025,3,3363
2003,20/07/2025,4,18857
2004,20/07/2025,5,53131
2005,20/07/2025,6,26356
2006,20/07/2025,7,9481
2007,20/07/2025,8,4555
2008,20/07/2025,9,23254
2009,20/07/2025,10,1273
2010,21/07/2025,1,6183
2011,21/07/2025,2,34995
2012,21/07/2025,3,50731
2013,21/07/2025,4,7032
2014,21/07/2025,5,24103
2015,21/07/2025,6,19262
2016,21/07/2025,7,22365
2017,21/07/2025,8,19262
2018,21/07/2025,9,16864
2019,21/07/2025,10,24163
2020,22/07/2025,1,54559
2021,22/07/2025,2,48577
2022,22/07/2025,3,18504
2023,22/07/2025,4,25381
2024,22/07/2025,5,24290
2025,22/07/2025,6,47970
2026,22/07/2025,7,2740
2027,22/07/2025,8,17502
2028,22/07/2025,9,48686
2029,22/07/2025,10,49440
2030,23/07/2025,1,19567
2031,23/07/2025,2,19058
2032,23/07/2025,3,20484
2033,23/07/2025,4,2896
2034,23/07/2025,5,50589
2035,23/07/2025,6,31238
2036,23/07/2025,7,24402
2037,23/07/2025,8,35449
2038,23/07/2025,9,54554
2039,23/07/2025,10,34523
2040,24/07/2025,1,30084
2041,24/07/2025,2,35378
2042,24/07/2025,3,47022
2043,24/07/2025,4,11203
2044,24/07/2025,5,3084
2045,24/07/2025,6,43966
2046,24/07/2025,7,28707
2047,24/07/2025,8,16686
2048,24/07/2025,9,21616
2049,24/07/2025,10,2497
2050,25/07/2025,1,11904
2051,25/07/2025,2,24851
2052,25/07/2025,3,48739
2053,25/07/2025,4,12653
2054,25/07/2025,5,32459
2055,25/07/2025,6,13555
2056,25/07/2025,7,45723
2057,25/07/2025,8,13052
2058,25/07/2025,9,24419
2059,25/07/2025,10,23270
2060,26/07/2025,1,53081
2061,26/07/2025,2,2897
2062,26/07/2025,3,15951
2063,26/07/2025,4,48994
2064,26/07/2025,5,48611
2065,26/07/2025,6,51167
2066,26/07/2025,7,46772
2067,26/07/2025,8,12793
2068,26/07/2025,9,5783
2069,26/07/2025,10,22250
2070,27/07/2025,1,49989
2071,27/07/2025,2,51891
2072,27/07/2025,3,3084
2073,27/07/2025,4,24437
2074,27/07/2025,5,35433
2075,27/07/2025,6,19297
2076,27/07/2025,7,49270
2077,27/07/2025,8,23347
2078,27/07/2025,9,31198
2079,27/07/2025,10,27790
2080,28/07/2025,1,33915
2081,28/07/2025,2,44596
2082,28/07/2025,3,6496
2083,28/07/2025,4,7300
2084,28/07/2025,5,14629
2085,28/07/2025,6,30955
2086,28/07/2025,7,52216
2087,28/07/2025,8,15575
2088,28/07/2025,9,17464
2089,28/07/2025,10,26238
2090,29/07/2025,1,52599
2091,29/07/2025,2,42631
2092,29/07/2025,3,6581
2093,29/07/2025,4,7409
2094,29/07/2025,5,27388
2095,29/07/2025,6,34137
2096,29/07/2025,7,53430
2097,29/07/2025,8,39977
2098,29/07/2025,9,35284
2099,29/07/2025,10,41132
2100,30/07/2025,1,17966
2101,30/07/2025,2,21065
2102,30/07/2025,3,48070
2103,30/07/2025,4,10788
2104,30/07/2025,5,13634
2105,30/07/2025,6,17827
2106,30/07/2025,7,7356
2107,30/07/2025,8,9510
2108,30/07/2025,9,4539
2109,30/07/2025,10,21642
2110,31/07/2025,1,37075
2111,31/07/2025,2,12611
2112,31/07/2025,3,34156
2113,31/07/2025,4,12169
2114,31/07/2025,5,44309
2115,31/07/2025,6,40325
2116,31/07/2025,7,54528
2117,31/07/2025,8,45416
2118,31/07/2025,9,19470
2119,31/07/2025,10,37655
2120,01/08/2025,1,5019
2121,01/08/2025,2,6298
2122,01/08/2025,3,22464
2123,01/08/2025,4,8364
2124,01/08/2025,5,22533
2125,01/08/2025,6,51473
2126,01/08/2025,7,47892
2127,01/08/2025,8,35994
2128,01/08/2025,9,13481
2129,01/08/2025,10,36555
2130,02/08/2025,1,47532
2131,02/08/2025,2,13506
2132,02/08/2025,3,7350
2133,02/08/2025,4,47672
2134,02/08/2025,5,49179
2135,02/08/2025,6,9678
2136,02/08/2025,7,50633
2137,02/08/2025,8,15470
2138,02/08/2025,9,28441
2139,02/08/2025,10,24721
2140,03/08/2025,1,17711
2141,03/08/2025,2,7163
2142,03/08/2025,3,54971
2143,03/08/2025,4,16271
2144,03/08/2025,5,3557
2145,03/08/2025,6,21989
2146,03/08/2025,7,37896
2147,03/08/2025,8,28353
2148,03/08/2025,9,27698
2149,03/08/2025,10,42028
2150,04/08/2025,1,51009
2151,04/08/2025,2,19744
2152,04/08/2025,3,23626
2153,04/08/2025,4,38986
2154,04/08/2025,5,24889
2155,04/08/2025,6,52265
2156,04/08/2025,7,26447
2157,04/08/2025,8,28799
2158,04/08/2025,9,5765
2159,04/08/2025,10,6882
2160,05/08/2025,1,40003
2161,05/08/2025,2,33622
2162,05/08/2025,3,35813
2163,05/08/2025,4,39632
2164,05/08/2025,5,32228
2165,05/08/2025,6,24533
2166,05/08/2025,7,53526
2167,05/08/2025,8,14050
2168,05/08/2025,9,10710
2169,05/08/2025,10,7125
2170,06/08/2025,1,34208
2171,06/08/2025,2,38588
2172,06/08/2025,3,21215
2173,06/08/2025,4,29614
2174,06/08/2025,5,19041
2175,06/08/2025,6,16617
2176,06/08/2025,7,18366
2177,06/08/2025,8,52924
2178,06/08/2025,9,43501
2179,06/08/2025,10,27998
2180,07/08/2025,1,30104
2181,07/08/2025,2,3122
2182,07/08/2025,3,26973
2183,07/08/2025,4,26023
2184,07/08/2025,5,27694
2185,07/08/2025,6,48154
2186,07/08/2025,7,29330
2187,07/08/2025,8,12658
2188,07/08/2025,9,32440
2189,07/08/2025,10,10710
2190,08/08/2025,1,37136
2191,08/08/2025,2,6327
2192,08/08/2025,3,9509
2193,08/08/2025,4,17794
2194,08/08/2025,5,45404
2195,08/08/2025,6,5376
2196,08/08/2025,7,46671
2197,08/08/2025,8,40599
2198,08/08/2025,9,46813
2199,08/08/2025,10,42219
2200,09/08/2025,1,9718
2201,09/08/2025,2,28518
2202,09/08/2025,3,10171
2203,09/08/2025,4,46142
2204,09/08/2025,5,2044
2205,09/08/2025,6,4910
2206,09/08/2025,7,9895
2207,09/08/2025,8,15487
2208,09/08/2025,9,50469
2209,09/08/2025,10,18564
2210,10/08/2025,1,44030
2211,10/08/2025,2,43231
2212,10/08/2025,3,3859
2213,10/08/2025,4,49006
2214,10/08/2025,5,17474
2215,10/08/2025,6,50234
2216,10/08/2025,7,44367
2217,10/08/2025,8,33438
2218,10/08/2025,9,31887
2219,10/08/2025,10,6260
2220,11/08/2025,1,40835
2221,11/08/2025,2,53809
2222,11/08/2025,3,1595
2223,11/08/2025,4,46604
2224,11/08/2025,5,13735
2225,11/08/2025,6,51907
2226,11/08/2025,7,47259
2227,11/08/2025,8,38217
2228,11/08/2025,9,44938
2229,11/08/2025,10,21694
2230,12/08/2025,1,20180
2231,12/08/2025,2,1987
2232,12/08/2025,3,5857
2233,12/08/2025,4,33737
2234,12/08/2025,5,20156
2235,12/08/2025,6,27138
2236,12/08/2025,7,13972
2237,12/08/2025,8,34144
2238,12/08/2025,9,43533
2239,12/08/2025,10,38239
2240,13/08/2025,1,21485
2241,13/08/2025,2,46772
2242,13/08/2025,3,45324
2243,13/08/2025,4,10752
2244,13/08/2025,5,32524
2245,13/08/2025,6,10963
2246,13/08/2025,7,20972
2247,13/08/2025,8,4676
2248,13/08/2025,9,30897
2249,13/08/2025,10,38897
2250,14/08/2025,1,31957
2251,14/08/2025,2,31126
2252,14/08/2025,3,26942
2253,14/08/2025,4,18494
2254,14/08/2025,5,49968
2255,14/08/2025,6,54103
2256,14/08/2025,7,21472
2257,14/08/2025,8,32005
2258,14/08/2025,9,10779
2259,14/08/2025,10,38217
2260,15/08/2025,1,4031
2261,15/08/2025,2,6862
2262,15/08/2025,3,20676
2263,15/08/2025,4,30715
2264,15/08/2025,5,45114
2265,15/08/2025,6,13996
2266,15/08/2025,7,42015
2267,15/08/2025,8,19771
2268,15/08/2025,9,52312
2269,15/08/2025,10,12049
2270,16/08/2025,1,10921
2271,16/08/2025,2,22579
2272,16/08/2025,3,13719
2273,16/08/2025,4,19968
2274,16/08/2025,5,45037
2275,16/08/2025,6,20374
2276,16/08/2025,7,5717
2277,16/08/2025,8,23614
2278,16/08/2025,9,48433
2279,16/08/2025,10,7029
2280,17/08/2025,1,30885
2281,17/08/2025,2,33559
2282,17/08/2025,3,43632
2283,17/08/2025,4,30158
2284,17/08/2025,5,51723
2285,17/08/2025,6,38439
2286,17/08/2025,7,3635
2287,17/08/2025,8,29526
2288,17/08/2025,9,11235
2289,17/08/2025,10,51654
2290,18/08/2025,1,13277
2291,18/08/2025,2,35712
2292,18/08/2025,3,53621
2293,18/08/2025,4,53455
2294,18/08/2025,5,2688
2295,18/08/2025,6,52891
2296,18/08/2025,7,3642
2297,18/08/2025,8,41514
2298,18/08/2025,9,10310
2299,18/08/2025,10,13389
2300,19/08/2025,1,49689
2301,19/08/2025,2,40090
2302,19/08/2025,3,1971
2303,19/08/2025,4,10039
2304,19/08/2025,5,26623
2305,19/08/2025,6,22362
2306,19/08/2025,7,44482
2307,19/08/2025,8,7353
2308,19/08/2025,9,43831
2309,19/08/2025,10,52574
2310,20/08/2025,1,8213
2311,20/08/2025,2,41186
2312,20/08/2025,3,38145
2313,20/08/2025,4,19188
2314,20/08/2025,5,11524
2315,20/08/2025,6,15550
2316,20/08/2025,7,13270
2317,20/08/2025,8,23862
2318,20/08/2025,9,3381
2319,20/08/2025,10,36763
2320,21/08/2025,1,3147
2321,21/08/2025,2,8458
2322,21/08/2025,3,35847
2323,21/08/2025,4,34507
2324,21/08/2025,5,48754
2325,21/08/2025,6,46977
2326,21/08/2025,7,37943
2327,21/08/2025,8,16668
2328,21/08/2025,9,43763
2329,21/08/2025,10,13349
2330,22/08/2025,1,5312
2331,22/08/2025,2,45721
2332,22/08/2025,3,44486
2333,22/08/2025,4,27671
2334,22/08/2025,5,21539
2335,22/08/2025,6,43711
2336,22/08/2025,7,47422
2337,22/08/2025,8,52638
2338,22/08/2025,9,51379
2339,22/08/2025,10,34762
2340,23/08/2025,1,8152
2341,23/08/2025,2,50444
2342,23/08/2025,3,18461
2343,23/08/2025,4,33815
2344,23/08/2025,5,14995
2345,23/08/2025,6,27127
2346,23/08/2025,7,51169
2347,23/08/2025,8,21120
2348,23/08/2025,9,35107
2349,23/08/2025,10,23308
2350,24/08/2025,1,18059
2351,24/08/2025,2,53311
2352,24/08/2025,3,45396
2353,24/08/2025,4,5299
2354,24/08/2025,5,3112
2355,24/08/2025,6,39785
2356,24/08/2025,7,40857
2357,24/08/2025,8,22301
2358,24/08/2025,9,9259
2359,24/08/2025,10,28343
2360,25/08/2025,1,20888
2361,25/08/2025,2,47223
2362,25/08/2025,3,36877
2363,25/08/2025,4,13453
2364,25/08/2025,5,7709
2365,25/08/2025,6,43859
2366,25/08/2025,7,29360
2367,25/08/2025,8,5618
2368,25/08/2025,9,51248
2369,25/08/2025,10,10873
2370,26/08/2025,1,54084
2371,26/08/2025,2,14321
2372,26/08/2025,3,17714
2373,26/08/2025,4,26927
2374,26/08/2025,5,39656
2375,26/08/2025,6,52220
2376,26/08/2025,7,17603
2377,26/08/2025,8,46818
2378,26/08/2025,9,29836
2379,26/08/2025,10,14805
2380,27/08/2025,1,4140
2381,27/08/2025,2,53952
2382,27/08/2025,3,30925
2383,27/08/2025,4,17763
2384,27/08/2025,5,3313
2385,27/08/2025,6,3446
2386,27/08/2025,7,2033
2387,27/08/2025,8,12034
2388,27/08/2025,9,25328
2389,27/08/2025,10,18387
2390,28/08/2025,1,47637
2391,28/08/2025,2,39325
2392,28/08/2025,3,4021
2393,28/08/2025,4,42107
2394,28/08/2025,5,47383
2395,28/08/2025,6,53789
2396,28/08/2025,7,1090
2397,28/08/2025,8,8547
2398,28/08/2025,9,22187
2399,28/08/2025,10,14975
2400,29/08/2025,1,4129
2401,29/08/2025,2,28386
2402,29/08/2025,3,19757
2403,29/08/2025,4,17794
2404,29/08/2025,5,37208
2405,29/08/2025,6,53915
2406,29/08/2025,7,19777
2407,29/08/2025,8,25655
2408,29/08/2025,9,47468
2409,29/08/2025,10,23997
2410,30/08/2025,1,51366
2411,30/08/2025,2,3107
2412,30/08/2025,3,18153
2413,30/08/2025,4,9257
2414,30/08/2025,5,39224
2415,30/08/2025,6,50522
2416,30/08/2025,7,39909
2417,30/08/2025,8,5216
2418,30/08/2025,9,49609
2419,30/08/2025,10,1365
2420,31/08/2025,1,36030
2421,31/08/2025,2,14228
2422,31/08/2025,3,44312
2423,31/08/2025,4,21144
2424,31/08/2025,5,5118
2425,31/08/2025,6,41800
2426,31/08/2025,7,1345
2427,31/08/2025,8,10461
2428,31/08/2025,9,50592
2429,31/08/2025,10,9190
2430,01/09/2025,1,12093
2431,01/09/2025,2,49418
2432,01/09/2025,3,18485
2433,01/09/2025,4,49827
2434,01/09/2025,5,53211
2435,01/09/2025,6,36981
2436,01/09/2025,7,25891
2437,01/09/2025,8,17893
2438,01/09/2025,9,18085
2439,01/09/2025,10,25887
2440,02/09/2025,1,38371
2441,02/09/2025,2,38563
2442,02/09/2025,3,38105
2443,02/09/2025,4,20300
2444,02/09/2025,5,53408
2445,02/09/2025,6,54600
2446,02/09/2025,7,31603
2447,02/09/2025,8,39894
2448,02/09/2025,9,2785
2449,02/09/2025,10,11286
2450,03/09/2025,1,19300
2451,03/09/2025,2,47844
2452,03/09/2025,3,40174
2453,03/09/2025,4,24609
2454,03/09/2025,5,12660
2455,03/09/2025,6,37471
2456,03/09/2025,7,27754
2457,03/09/2025,8,50682
2458,03/09/2025,9,35186
2459,03/09/2025,10,34511
2460,04/09/2025,1,28962
2461,04/09/2025,2,25177
2462,04/09/2025,3,24552
2463,04/09/2025,4,5410
2464,04/09/2025,5,27912
2465,04/09/2025,6,54677
2466,04/09/2025,7,20276
2467,04/09/2025,8,54471
2468,04/09/2025,9,42451
2469,04/09/2025,10,31114
2470,05/09/2025,1,18785
2471,05/09/2025,2,12028
2472,05/09/2025,3,50989
2473,05/09/2025,4,22417
2474,05/09/2025,5,4651
2475,05/09/2025,6,5289
2476,05/09/2025,7,29227
2477,05/09/2025,8,32076
2478,05/09/2025,9,5622
2479,05/09/2025,10,32954
2480,06/09/2025,1,53665
2481,06/09/2025,2,48491
2482,06/09/2025,3,8196
2483,06/09/2025,4,46659
2484,06/09/2025,5,6548
2485,06/09/2025,6,31376
2486,06/09/2025,7,17017
2487,06/09/2025,8,11861
2488,06/09/2025,9,1157
2489,06/09/2025,10,6709
2490,07/09/2025,1,48100
2491,07/09/2025,2,37835
2492,07/09/2025,3,40582
2493,07/09/2025,4,38795
2494,07/09/2025,5,1966
2495,07/09/2025,6,30061
2496,07/09/2025,7,44039
2497,07/09/2025,8,35752
2498,07/09/2025,9,52923
2499,07/09/2025,10,6489
2500,08/09/2025,1,39508
2501,08/09/2025,2,25536
2502,08/09/2025,3,33354
2503,08/09/2025,4,28111
2504,08/09/2025,5,16383
2505,08/09/2025,6,19256
2506,08/09/2025,7,43572
2507,08/09/2025,8,10119
2508,08/09/2025,9,26569
2509,08/09/2025,10,46776
2510,09/09/2025,1,26937
2511,09/09/2025,2,11725
2512,09/09/2025,3,11080
2513,09/09/2025,4,30888
2514,09/09/2025,5,41704
2515,09/09/2025,6,45795
2516,09/09/2025,7,17918
2517,09/09/2025,8,7053
2518,09/09/2025,9,53315
2519,09/09/2025,10,33992
2520,10/09/2025,1,23872
2521,10/09/2025,2,35622
2522,10/09/2025,3,42175
2523,10/09/2025,4,8519
2524,10/09/2025,5,28363
2525,10/09/2025,6,9148
2526,10/09/2025,7,7050
2527,10/09/2025,8,33848
2528,10/09/2025,9,44467
2529,10/09/2025,10,10589
2530,11/09/2025,1,10261
2531,11/09/2025,2,2926
2532,11/09/2025,3,9252
2533,11/09/2025,4,4799
2534,11/09/2025,5,15533
2535,11/09/2025,6,18349
2536,11/09/2025,7,11202
2537,11/09/2025,8,17513
2538,11/09/2025,9,33252
2539,11/09/2025,10,39105
2540,12/09/2025,1,30442
2541,12/09/2025,2,38701
2542,12/09/2025,3,34082
2543,12/09/2025,4,25948
2544,12/09/2025,5,46701
2545,12/09/2025,6,27238
2546,12/09/2025,7,16881
2547,12/09/2025,8,41274
2548,12/09/2025,9,50806
2549,12/09/2025,10,27795
2550,13/09/2025,1,51145
2551,13/09/2025,2,25568
2552,13/09/2025,3,14133
2553,13/09/2025,4,1686
2554,13/09/2025,5,50324
2555,13/09/2025,6,37822
2556,13/09/2025,7,8862
2557,13/09/2025,8,47997
2558,13/09/2025,9,21406
2559,13/09/2025,10,37564
2560,14/09/2025,1,21836
2561,14/09/2025,2,45150
2562,14/09/2025,3,49223
2563,14/09/2025,4,36296
2564,14/09/2025,5,8394
2565,14/09/2025,6,41674
2566,14/09/2025,7,41064
2567,14/09/2025,8,54226
2568,14/09/2025,9,32886
2569,14/09/2025,10,4403
2570,15/09/2025,1,12219
2571,15/09/2025,2,4937
2572,15/09/2025,3,40459
2573,15/09/2025,4,27664
2574,15/09/2025,5,45503
2575,15/09/2025,6,48156
2576,15/09/2025,7,46713
2577,15/09/2025,8,50677
2578,15/09/2025,9,8356
2579,15/09/2025,10,33520
2580,16/09/2025,1,5888
2581,16/09/2025,2,31466
2582,16/09/2025,3,25342
2583,16/09/2025,4,8316
2584,16/09/2025,5,21971
2585,16/09/2025,6,15572
2586,16/09/2025,7,40778
2587,16/09/2025,8,46434
2588,16/09/2025,9,41047
2589,16/09/2025,10,37305
2590,17/09/2025,1,24379
2591,17/09/2025,2,23488
2592,17/09/2025,3,32271
2593,17/09/2025,4,28659
2594,17/09/2025,5,15114
2595,17/09/2025,6,47094
2596,17/09/2025,7,54839
2597,17/09/2025,8,53201
2598,17/09/2025,9,1429
2599,17/09/2025,10,7247
2600,18/09/2025,1,43474
2601,18/09/2025,2,20458
2602,18/09/2025,3,6502
2603,18/09/2025,4,41043
2604,18/09/2025,5,45625
2605,18/09/2025,6,20852
2606,18/09/2025,7,38839
2607,18/09/2025,8,35475
2608,18/09/2025,9,23289
2609,18/09/2025,10,21985
2610,19/09/2025,1,26071
2611,19/09/2025,2,10286
2612,19/09/2025,3,24499
2613,19/09/2025,4,24568
2614,19/09/2025,5,22568
2615,19/09/2025,6,28538
2616,19/09/2025,7,52717
2617,19/09/2025,8,2996
2618,19/09/2025,9,49544
2619,19/09/2025,10,32831
2620,20/09/2025,1,44359
2621,20/09/2025,2,47648
2622,20/09/2025,3,43748
2623,20/09/2025,4,11150
2624,20/09/2025,5,11841
2625,20/09/2025,6,31985
2626,20/09/2025,7,51986
2627,20/09/2025,8,23721
2628,20/09/2025,9,47421
2629,20/09/2025,10,3017
2630,21/09/2025,1,41825
2631,21/09/2025,2,37628
2632,21/09/2025,3,24429
2633,21/09/2025,4,5282
2634,21/09/2025,5,9270
2635,21/09/2025,6,21061
2636,21/09/2025,7,45963
2637,21/09/2025,8,29837
2638,21/09/2025,9,21838
2639,21/09/2025,10,2630
2640,22/09/2025,1,46846
2641,22/09/2025,2,50829
2642,22/09/2025,3,33769
2643,22/09/2025,4,28781
2644,22/09/2025,5,13622
2645,22/09/2025,6,45370
2646,22/09/2025,7,29976
2647,22/09/2025,8,18429
2648,22/09/2025,9,9084
2649,22/09/2025,10,6932
2650,23/09/2025,1,43168
2651,23/09/2025,2,35623
2652,23/09/2025,3,43894
2653,23/09/2025,4,52055
2654,23/09/2025,5,43073
2655,23/09/2025,6,45597
2656,23/09/2025,7,16287
2657,23/09/2025,8,10935
2658,23/09/2025,9,9025
2659,23/09/2025,10,3836
2660,24/09/2025,1,5416
2661,24/09/2025,2,7735
2662,24/09/2025,3,32685
2663,24/09/2025,4,4408
2664,24/09/2025,5,31262
2665,24/09/2025,6,42455
2666,24/09/2025,7,40248
2667,24/09/2025,8,1814
2668,24/09/2025,9,29155
2669,24/09/2025,10,2172
2670,25/09/2025,1,20611
2671,25/09/2025,2,39443
2672,25/09/2025,3,39390
2673,25/09/2025,4,35241
2674,25/09/2025,5,14589
2675,25/09/2025,6,1456
2676,25/09/2025,7,34857
2677,25/09/2025,8,18376
2678,25/09/2025,9,25279
2679,25/09/2025,10,18763
2680,26/09/2025,1,38195
2681,26/09/2025,2,37557
2682,26/09/2025,3,30781
2683,26/09/2025,4,35948
2684,26/09/2025,5,26019
2685,26/09/2025,6,14146
2686,26/09/2025,7,41565
2687,26/09/2025,8,43744
2688,26/09/2025,9,27190
2689,26/09/2025,10,8942
2690,27/09/2025,1,16582
2691,27/09/2025,2,32077
2692,27/09/2025,3,26867
2693,27/09/2025,4,11573
2694,27/09/2025,5,43753
2695,27/09/2025,6,20827
2696,27/09/2025,7,40206
2697,27/09/2025,8,47967
2698,27/09/2025,9,43833
2699,27/09/2025,10,40316
2700,28/09/2025,1,19316
2701,28/09/2025,2,37454
2702,28/09/2025,3,26587
2703,28/09/2025,4,38100
2704,28/09/2025,5,5599
2705,28/09/2025,6,51124
2706,28/09/2025,7,38815
2707,28/09/2025,8,10570
2708,28/09/2025,9,8961
2709,28/09/2025,10,47039
2710,29/09/2025,1,33658
2711,29/09/2025,2,38409
2712,29/09/2025,3,1424
2713,29/09/2025,4,9640
2714,29/09/2025,5,10177
2715,29/09/2025,6,49206
2716,29/09/2025,7,45371
2717,29/09/2025,8,16085
2718,29/09/2025,9,28275
2719,29/09/2025,10,34220
2720,30/09/2025,1,31311
2721,30/09/2025,2,45165
2722,30/09/2025,3,16584
2723,30/09/2025,4,8918
2724,30/09/2025,5,16751
2725,30/09/2025,6,38601
2726,30/09/2025,7,17685
2727,30/09/2025,8,24890
2728,30/09/2025,9,22954
2729,30/09/2025,10,31108
2730,01/10/2025,1,40655
2731,01/10/2025,2,49222
2732,01/10/2025,3,19453
2733,01/10/2025,4,28569
2734,01/10/2025,5,16343
2735,01/10/2025,6,27721
2736,01/10/2025,7,54997
2737,01/10/2025,8,15280
2738,01/10/2025,9,46490
2739,01/10/2025,10,10414
2740,02/10/2025,1,10891
2741,02/10/2025,2,30068
2742,02/10/2025,3,12281
2743,02/10/2025,4,37028
2744,02/10/2025,5,17141
2745,02/10/2025,6,2317
2746,02/10/2025,7,17460
2747,02/10/2025,8,9034
2748,02/10/2025,9,15328
2749,02/10/2025,10,21308
2750,03/10/2025,1,31762
2751,03/10/2025,2,29204
2752,03/10/2025,3,20736
2753,03/10/2025,4,21552
2754,03/10/2025,5,6110
2755,03/10/2025,6,42114
2756,03/10/2025,7,13540
2757,03/10/2025,8,10693
2758,03/10/2025,9,7920
2759,03/10/2025,10,13623
2760,04/10/2025,1,20739
2761,04/10/2025,2,15415
2762,04/10/2025,3,30293
2763,04/10/2025,4,14524
2764,04/10/2025,5,14108
2765,04/10/2025,6,48988
2766,04/10/2025,7,34105
2767,04/10/2025,8,28719
2768,04/10/2025,9,46775
2769,04/10/2025,10,42653
2770,05/10/2025,1,5646
2771,05/10/2025,2,48047
2772,05/10/2025,3,4619
2773,05/10/2025,4,22143
2774,05/10/2025,5,19737
2775,05/10/2025,6,44942
2776,05/10/2025,7,25797
2777,05/10/2025,8,17159
2778,05/10/2025,9,7944
2779,05/10/2025,10,32766
2780,06/10/2025,1,8971
2781,06/10/2025,2,4844
2782,06/10/2025,3,19389
2783,06/10/2025,4,6868
2784,06/10/2025,5,27150
2785,06/10/2025,6,21159
2786,06/10/2025,7,38782
2787,06/10/2025,8,9881
2788,06/10/2025,9,45387
2789,06/10/2025,10,40176
2790,07/10/2025,1,37314
2791,07/10/2025,2,21882
2792,07/10/2025,3,30766
2793,07/10/2025,4,32841
2794,07/10/2025,5,4665
2795,07/10/2025,6,12630
2796,07/10/2025,7,50560
2797,07/10/2025,8,40725
2798,07/10/2025,9,5468
2799,07/10/2025,10,28562
2800,08/10/2025,1,13035
2801,08/10/2025,2,26330
2802,08/10/2025,3,42994
2803,08/10/2025,4,19273
2804,08/10/2025,5,30099
2805,08/10/2025,6,4106
2806,08/10/2025,7,6919
2807,08/10/2025,8,36725
2808,08/10/2025,9,8010
2809,08/10/2025,10,39675
2810,09/10/2025,1,32646
2811,09/10/2025,2,7818
2812,09/10/2025,3,5367
2813,09/10/2025,4,19968
2814,09/10/2025,5,44111
2815,09/10/2025,6,17905
2816,09/10/2025,7,5313
2817,09/10/2025,8,29195
2818,09/10/2025,9,53124
2819,09/10/2025,10,7299
2820,10/10/2025,1,20037
2821,10/10/2025,2,41546
2822,10/10/2025,3,32318
2823,10/10/2025,4,52671
2824,10/10/2025,5,47954
2825,10/10/2025,6,23295
2826,10/10/2025,7,27903
2827,10/10/2025,8,20958
2828,10/10/2025,9,33789
2829,10/10/2025,10,53912
2830,11/10/2025,1,30598
2831,11/10/2025,2,52647
2832,11/10/2025,3,3397
2833,11/10/2025,4,6293
2834,11/10/2025,5,44485
2835,11/10/2025,6,20310
2836,11/10/2025,7,12517
2837,11/10/2025,8,51184
2838,11/10/2025,9,22181
2839,11/10/2025,10,16715
2840,12/10/2025,1,46017
2841,12/10/2025,2,39374
2842,12/10/2025,3,18893
2843,12/10/2025,4,54795
2844,12/10/2025,5,54508
2845,12/10/2025,6,25035
2846,12/10/2025,7,17801
2847,12/10/2025,8,35059
2848,12/10/2025,9,12797
2849,12/10/2025,10,15797
2850,13/10/2025,1,20809
2851,13/10/2025,2,40919
2852,13/10/2025,3,34582
2853,13/10/2025,4,41566
2854,13/10/2025,5,40435
2855,13/10/2025,6,37139
2856,13/10/2025,7,28453
2857,13/10/2025,8,54394
2858,13/10/2025,9,25652
2859,13/10/2025,10,9383
2860,14/10/2025,1,11087
2861,14/10/2025,2,27392
2862,14/10/2025,3,19965
2863,14/10/2025,4,36619
2864,14/10/2025,5,21786
2865,14/10/2025,6,1258
2866,14/10/2025,7,12112
2867,14/10/2025,8,11776
2868,14/10/2025,9,23384
2869,14/10/2025,10,6355
2870,15/10/2025,1,48722
2871,15/10/2025,2,48077
2872,15/10/2025,3,50523
2873,15/10/2025,4,54278
2874,15/10/2025,5,31847
2875,15/10/2025,6,1593
2876,15/10/2025,7,36192
2877,15/10/2025,8,51980
2878,15/10/2025,9,19301
2879,15/10/2025,10,7498
2880,16/10/2025,1,30115
2881,16/10/2025,2,32916
2882,16/10/2025,3,6097
2883,16/10/2025,4,28925
2884,16/10/2025,5,21112
2885,16/10/2025,6,7223
2886,16/10/2025,7,17069
2887,16/10/2025,8,43489
2888,16/10/2025,9,50989
2889,16/10/2025,10,42175
2890,17/10/2025,1,13725
2891,17/10/2025,2,1092
2892,17/10/2025,3,33348
2893,17/10/2025,4,33213
2894,17/10/2025,5,26926
2895,17/10/2025,6,14304
2896,17/10/2025,7,7578
2897,17/10/2025,8,39487
2898,17/10/2025,9,8516
2899,17/10/2025,10,4821
2900,18/10/2025,1,45108
2901,18/10/2025,2,18461
2902,18/10/2025,3,15178
2903,18/10/2025,4,4750
2904,18/10/2025,5,33395
2905,18/10/2025,6,41249
2906,18/10/2025,7,29295
2907,18/10/2025,8,4287
2908,18/10/2025,9,54374
2909,18/10/2025,10,36205
2910,19/10/2025,1,44013
2911,19/10/2025,2,31142
2912,19/10/2025,3,37991
2913,19/10/2025,4,45341
2914,19/10/2025,5,41774
2915,19/10/2025,6,31600
2916,19/10/2025,7,20426
2917,19/10/2025,8,10747
2918,19/10/2025,9,40291
2919,19/10/2025,10,37295
2920,20/10/2025,1,26088
2921,20/10/2025,2,7926
2922,20/10/2025,3,10737
2923,20/10/2025,4,53862
2924,20/10/2025,5,23497
2925,20/10/2025,6,36689
2926,20/10/2025,7,21672
2927,20/10/2025,8,54283
2928,20/10/2025,9,17923
2929,20/10/2025,10,37353
2930,21/10/2025,1,7730
2931,21/10/2025,2,21398
2932,21/10/2025,3,5858
2933,21/10/2025,4,44466
2934,21/10/2025,5,7296
2935,21/10/2025,6,43099
2936,21/10/2025,7,50340
2937,21/10/2025,8,24486
2938,21/10/2025,9,52658
2939,21/10/2025,10,3408
2940,22/10/2025,1,9084
2941,22/10/2025,2,53341
2942,22/10/2025,3,7394
2943,22/10/2025,4,3327
2944,22/10/2025,5,26260
2945,22/10/2025,6,17834
2946,22/10/2025,7,46214
2947,22/10/2025,8,27836
2948,22/10/2025,9,2023
2949,22/10/2025,10,24690
2950,23/10/2025,1,33118
2951,23/10/2025,2,28274
2952,23/10/2025,3,23549
2953,23/10/2025,4,28644
2954,23/10/2025,5,52040
2955,23/10/2025,6,41727
2956,23/10/2025,7,5154
2957,23/10/2025,8,36575
2958,23/10/2025,9,47488
2959,23/10/2025,10,52421
2960,24/10/2025,1,23762
2961,24/10/2025,2,18526
2962,24/10/2025,3,7367
2963,24/10/2025,4,39576
2964,24/10/2025,5,48623
2965,24/10/2025,6,26291
2966,24/10/2025,7,33013
2967,24/10/2025,8,32149
2968,24/10/2025,9,26468
2969,24/10/2025,10,39084
2970,25/10/2025,1,45606
2971,25/10/2025,2,6535
2972,25/10/2025,3,27636
2973,25/10/2025,4,29693
2974,25/10/2025,5,29126
2975,25/10/2025,6,46103
2976,25/10/2025,7,6578
2977,25/10/2025,8,2541
2978,25/10/2025,9,17304
2979,25/10/2025,10,4178
2980,26/10/2025,1,44868
2981,26/10/2025,2,27095
2982,26/10/2025,3,4507
2983,26/10/2025,4,4981
2984,26/10/2025,5,21386
2985,26/10/2025,6,41748
2986,26/10/2025,7,21151
2987,26/10/2025,8,2438
2988,26/10/2025,9,53433
2989,26/10/2025,10,43086
2990,27/10/2025,1,36288
2991,27/10/2025,2,27081
2992,27/10/2025,3,22645
2993,27/10/2025,4,7961
2994,27/10/2025,5,18656
2995,27/10/2025,6,54917
2996,27/10/2025,7,21037
2997,27/10/2025,8,26136
2998,27/10/2025,9,38294
2999,27/10/2025,10,25938
3000,28/10/2025,1,35033
3001,28/10/2025,2,31690
3002,28/10/2025,3,27145
3003,28/10/2025,4,54213
3004,28/10/2025,5,14917
3005,28/10/2025,6,36920
3006,28/10/2025,7,37158
3007,28/10/2025,8,52212
3008,28/10/2025,9,18061
3009,28/10/2025,10,45175
3010,29/10/2025,1,28209
3011,29/10/2025,2,48603
3012,29/10/2025,3,33878
3013,29/10/2025,4,29159
3014,29/10/2025,5,43154
3015,29/10/2025,6,3983
3016,29/10/2025,7,35396
3017,29/10/2025,8,25629
3018,29/10/2025,9,13401
3019,29/10/2025,10,51332
3020,30/10/2025,1,13871
3021,30/10/2025,2,6896
3022,30/10/2025,3,22583
3023,30/10/2025,4,10491
3024,30/10/2025,5,37969
3025,30/10/2025,6,12318
3026,30/10/2025,7,54543
3027,30/10/2025,8,7993
3028,30/10/2025,9,35297
3029,30/10/2025,10,15963
3030,31/10/2025,1,15001
3031,31/10/2025,2,36363
3032,31/10/2025,3,25783
3033,31/10/2025,4,18363
3034,31/10/2025,5,14662
3035,31/10/2025,6,33031
3036,31/10/2025,7,32994
3037,31/10/2025,8,21909
3038,31/10/2025,9,45158
3039,31/10/2025,10,42783
3040,01/11/2025,1,38822
3041,01/11/2025,2,13861
3042,01/11/2025,3,33476
3043,01/11/2025,4,5297
3044,01/11/2025,5,51894
3045,01/11/2025,6,16687
3046,01/11/2025,7,27372
3047,01/11/2025,8,16509
3048,01/11/2025,9,6291
3049,01/11/2025,10,24705
3050,02/11/2025,1,19408
3051,02/11/2025,2,1171
3052,02/11/2025,3,11271
3053,02/11/2025,4,30226
3054,02/11/2025,5,44133
3055,02/11/2025,6,4436
3056,02/11/2025,7,48789
3057,02/11/2025,8,8459
3058,02/11/2025,9,42503
3059,02/11/2025,10,31517
3060,03/11/2025,1,19362
3061,03/11/2025,2,26161
3062,03/11/2025,3,49790
3063,03/11/2025,4,51701
3064,03/11/2025,5,1892
3065,03/11/2025,6,46315
3066,03/11/2025,7,41274
3067,03/11/2025,8,54620
3068,03/11/2025,9,41524
3069,03/11/2025,10,12796
3070,04/11/2025,1,11997
3071,04/11/2025,2,53919
3072,04/11/2025,3,30099
3073,04/11/2025,4,35857
3074,04/11/2025,5,19893
3075,04/11/2025,6,14796
3076,04/11/2025,7,28073
3077,04/11/2025,8,17498
3078,04/11/2025,9,41242
3079,04/11/2025,10,16768
3080,05/11/2025,1,3125
3081,05/11/2025,2,52571
3082,05/11/2025,3,17457
3083,05/11/2025,4,35842
3084,05/11/2025,5,9231
3085,05/11/2025,6,37845
3086,05/11/2025,7,39692
3087,05/11/2025,8,54163
3088,05/11/2025,9,20307
3089,05/11/2025,10,18984
3090,06/11/2025,1,40314
3091,06/11/2025,2,21664
3092,06/11/2025,3,26203
3093,06/11/2025,4,40625
3094,06/11/2025,5,26513
3095,06/11/2025,6,23925
3096,06/11/2025,7,47432
3097,06/11/2025,8,40561
3098,06/11/2025,9,8709
3099,06/11/2025,10,4574
3100,07/11/2025,1,39971
3101,07/11/2025,2,23270
3102,07/11/2025,3,1562
3103,07/11/2025,4,48991
3104,07/11/2025,5,19987
3105,07/11/2025,6,19817
3106,07/11/2025,7,28986
3107,07/11/2025,8,7209
3108,07/11/2025,9,2573
3109,07/11/2025,10,34327
3110,08/11/2025,1,30867
3111,08/11/2025,2,31417
3112,08/11/2025,3,34574
3113,08/11/2025,4,34634
3114,08/11/2025,5,50634
3115,08/11/2025,6,25943
3116,08/11/2025,7,47556
3117,08/11/2025,8,37338
3118,08/11/2025,9,40449
3119,08/11/2025,10,24535
3120,09/11/2025,1,40392
3121,09/11/2025,2,17765
3122,09/11/2025,3,49646
3123,09/11/2025,4,40727
3124,09/11/2025,5,28382
3125,09/11/2025,6,21395
3126,09/11/2025,7,42319
3127,09/11/2025,8,45847
3128,09/11/2025,9,39816
3129,09/11/2025,10,12924
3130,10/11/2025,1,34937
3131,10/11/2025,2,37432
3132,10/11/2025,3,27170
3133,10/11/2025,4,36844
3134,10/11/2025,5,49646
3135,10/11/2025,6,39922
3136,10/11/2025,7,21770
3137,10/11/2025,8,10384
3138,10/11/2025,9,47605
3139,10/11/2025,10,5245
3140,11/11/2025,1,49111
3141,11/11/2025,2,6136
3142,11/11/2025,3,36728
3143,11/11/2025,4,17749
3144,11/11/2025,5,44709
3145,11/11/2025,6,8108
3146,11/11/2025,7,4136
3147,11/11/2025,8,27024
3148,11/11/2025,9,23947
3149,11/11/2025,10,42800
3150,12/11/2025,1,11840
3151,12/11/2025,2,19572
3152,12/11/2025,3,10035
3153,12/11/2025,4,8389
3154,12/11/2025,5,45099
3155,12/11/2025,6,47170
3156,12/11/2025,7,23492
3157,12/11/2025,8,53224
3158,12/11/2025,9,50432
3159,12/11/2025,10,10467
3160,13/11/2025,1,35856
3161,13/11/2025,2,29314
3162,13/11/2025,3,44399
3163,13/11/2025,4,22326
3164,13/11/2025,5,42420
3165,13/11/2025,6,37478
3166,13/11/2025,7,12627
3167,13/11/2025,8,8294
3168,13/11/2025,9,50235
3169,13/11/2025,10,5143
3170,14/11/2025,1,37557
3171,14/11/2025,2,14325
3172,14/11/2025,3,43592
3173,14/11/2025,4,10894
3174,14/11/2025,5,18422
3175,14/11/2025,6,11118
3176,14/11/2025,7,30693
3177,14/11/2025,8,7393
3178,14/11/2025,9,21496
3179,14/11/2025,10,24351
3180,15/11/2025,1,34722
3181,15/11/2025,2,4166
3182,15/11/2025,3,52909
3183,15/11/2025,4,35562
3184,15/11/2025,5,42845
3185,15/11/2025,6,15364
3186,15/11/2025,7,38435
3187,15/11/2025,8,13036
3188,15/11/2025,9,45049
3189,15/11/2025,10,27471
3190,16/11/2025,1,25689
3191,16/11/2025,2,18702
3192,16/11/2025,3,20530
3193,16/11/2025,4,9635
3194,16/11/2025,5,21685
3195,16/11/2025,6,53934
3196,16/11/2025,7,23668
3197,16/11/2025,8,3742
3198,16/11/2025,9,15556
3199,16/11/2025,10,52724
3200,17/11/2025,1,43615
3201,17/11/2025,2,34888
3202,17/11/2025,3,33696
3203,17/11/2025,4,41206
3204,17/11/2025,5,14358
3205,17/11/2025,6,4781
3206,17/11/2025,7,20622
3207,17/11/2025,8,7923
3208,17/11/2025,9,26679
3209,17/11/2025,10,25203
3210,18/11/2025,1,26554
3211,18/11/2025,2,36748
3212,18/11/2025,3,51533
3213,18/11/2025,4,24755
3214,18/11/2025,5,12350
3215,18/11/2025,6,25889
3216,18/11/2025,7,5869
3217,18/11/2025,8,7417
3218,18/11/2025,9,37366
3219,18/11/2025,10,12149
3220,19/11/2025,1,14384
3221,19/11/2025,2,41857
3222,19/11/2025,3,20721
3223,19/11/2025,4,5056
3224,19/11/2025,5,16499
3225,19/11/2025,6,43532
3226,19/11/2025,7,22132
3227,19/11/2025,8,36456
3228,19/11/2025,9,33518
3229,19/11/2025,10,4202
3230,20/11/2025,1,11616
3231,20/11/2025,2,36767
3232,20/11/2025,3,16603
3233,20/11/2025,4,12007
3234,20/11/2025,5,7901
3235,20/11/2025,6,7927
3236,20/11/2025,7,50962
3237,20/11/2025,8,44983
3238,20/11/2025,9,13320
3239,20/11/2025,10,35279
3240,21/11/2025,1,42485
3241,21/11/2025,2,52927
3242,21/11/2025,3,24481
3243,21/11/2025,4,34549
3244,21/11/2025,5,35955
3245,21/11/2025,6,13344
3246,21/11/2025,7,29597
3247,21/11/2025,8,38555
3248,21/11/2025,9,52643
3249,21/11/2025,10,4915
3250,22/11/2025,1,39570
3251,22/11/2025,2,33941
3252,22/11/2025,3,40644
3253,22/11/2025,4,17037
3254,22/11/2025,5,28116
3255,22/11/2025,6,39136
3256,22/11/2025,7,11106
3257,22/11/2025,8,21669
3258,22/11/2025,9,22873
3259,22/11/2025,10,4133
3260,23/11/2025,1,32050
3261,23/11/2025,2,15778
3262,23/11/2025,3,31314
3263,23/11/2025,4,13866
3264,23/11/2025,5,27713
3265,23/11/2025,6,5967
3266,23/11/2025,7,10099
3267,23/11/2025,8,8093
3268,23/11/2025,9,7002
3269,23/11/2025,10,40706
3270,24/11/2025,1,27834
3271,24/11/2025,2,46718
3272,24/11/2025,3,37747
3273,24/11/2025,4,36027
3274,24/11/2025,5,20198
3275,24/11/2025,6,32017
3276,24/11/2025,7,33129
3277,24/11/2025,8,3445
3278,24/11/2025,9,31347
3279,24/11/2025,10,44508
3280,25/11/2025,1,41424
3281,25/11/2025,2,16507
3282,25/11/2025,3,5964
3283,25/11/2025,4,44761
3284,25/11/2025,5,5517
3285,25/11/2025,6,3292
3286,25/11/2025,7,5030
3287,25/11/2025,8,31097
3288,25/11/2025,9,45404
3289,25/11/2025,10,45414
3290,26/11/2025,1,27025
3291,26/11/2025,2,16094
3292,26/11/2025,3,53329
3293,26/11/2025,4,50288
3294,26/11/2025,5,35211
3295,26/11/2025,6,23192
3296,26/11/2025,7,52540
3297,26/11/2025,8,38195
3298,26/11/2025,9,11943
3299,26/11/2025,10,24854
3300,27/11/2025,1,20116
3301,27/11/2025,2,2088
3302,27/11/2025,3,18233
3303,27/11/2025,4,39089
3304,27/11/2025,5,47609
3305,27/11/2025,6,36086
3306,27/11/2025,7,42660
3307,27/11/2025,8,3425
3308,27/11/2025,9,38199
3309,27/11/2025,10,52767
3310,28/11/2025,1,25741
3311,28/11/2025,2,35915
3312,28/11/2025,3,29098
3313,28/11/2025,4,15017
3314,28/11/2025,5,20961
3315,28/11/2025,6,39017
3316,28/11/2025,7,50532
3317,28/11/2025,8,16687
3318,28/11/2025,9,9853
3319,28/11/2025,10,45282
3320,29/11/2025,1,52926
3321,29/11/2025,2,22636
3322,29/11/2025,3,42531
3323,29/11/2025,4,54682
3324,29/11/2025,5,15181
3325,29/11/2025,6,11943
3326,29/11/2025,7,23338
3327,29/11/2025,8,11617
3328,29/11/2025,9,53432
3329,29/11/2025,10,17937
3330,30/11/2025,1,48206
3331,30/11/2025,2,38825
3332,30/11/2025,3,31640
3333,30/11/2025,4,46165
3334,30/11/2025,5,18412
3335,30/11/2025,6,54594
3336,30/11/2025,7,48815
3337,30/11/2025,8,43447
3338,30/11/2025,9,7394
3339,30/11/2025,10,18349
3340,01/12/2025,1,37451
3341,01/12/2025,2,6531
3342,01/12/2025,3,4722
3343,01/12/2025,4,17103
3344,01/12/2025,5,35629
3345,01/12/2025,6,47764
3346,01/12/2025,7,17770
3347,01/12/2025,8,28833
3348,01/12/2025,9,17083
3349,01/12/2025,10,40686
3350,02/12/2025,1,31523
3351,02/12/2025,2,13923
3352,02/12/2025,3,48936
3353,02/12/2025,4,32826
3354,02/12/2025,5,19433
3355,02/12/2025,6,34430
3356,02/12/2025,7,44612
3357,02/12/2025,8,44209
3358,02/12/2025,9,4800
3359,02/12/2025,10,10239
3360,03/12/2025,1,50174
3361,03/12/2025,2,19128
3362,03/12/2025,3,3861
3363,03/12/2025,4,31498
3364,03/12/2025,5,3902
3365,03/12/2025,6,48387
3366,03/12/2025,7,7968
3367,03/12/2025,8,35037
3368,03/12/2025,9,32224
3369,03/12/2025,10,1655
3370,04/12/2025,1,44207
3371,04/12/2025,2,54256
3372,04/12/2025,3,36593
3373,04/12/2025,4,27164
3374,04/12/2025,5,47833
3375,04/12/2025,6,3097
3376,04/12/2025,7,15627
3377,04/12/2025,8,2970
3378,04/12/2025,9,16111
3379,04/12/2025,10,18240
3380,05/12/2025,1,35429
3381,05/12/2025,2,12619
3382,05/12/2025,3,16135
3383,05/12/2025,4,43454
3384,05/12/2025,5,45927
3385,05/12/2025,6,24606
3386,05/12/2025,7,50060
3387,05/12/2025,8,11570
3388,05/12/2025,9,29689
3389,05/12/2025,10,47944
3390,06/12/2025,1,19512
3391,06/12/2025,2,24807
3392,06/12/2025,3,18377
3393,06/12/2025,4,29269
3394,06/12/2025,5,1844
3395,06/12/2025,6,36864
3396,06/12/2025,7,48962
3397,06/12/2025,8,15470
3398,06/12/2025,9,53231
3399,06/12/2025,10,40893
3400,07/12/2025,1,37915
3401,07/12/2025,2,45549
3402,07/12/2025,3,54687
3403,07/12/2025,4,6868
3404,07/12/2025,5,5089
3405,07/12/2025,6,27666
3406,07/12/2025,7,51311
3407,07/12/2025,8,53399
3408,07/12/2025,9,21976
3409,07/12/2025,10,9928
3410,08/12/2025,1,25447
3411,08/12/2025,2,28635
3412,08/12/2025,3,51588
3413,08/12/2025,4,7662
3414,08/12/2025,5,27778
3415,08/12/2025,6,2412
3416,08/12/2025,7,2083
3417,08/12/2025,8,10535
3418,08/12/2025,9,51900
3419,08/12/2025,10,32423
3420,09/12/2025,1,25789
3421,09/12/2025,2,48273
3422,09/12/2025,3,41966
3423,09/12/2025,4,19308
3424,09/12/2025,5,15531
3425,09/12/2025,6,11101
3426,09/12/2025,7,42047
3427,09/12/2025,8,28328
3428,09/12/2025,9,28817
3429,09/12/2025,10,40557
3430,10/12/2025,1,23970
3431,10/12/2025,2,20665
3432,10/12/2025,3,20863
3433,10/12/2025,4,19298
3434,10/12/2025,5,24730
3435,10/12/2025,6,2988
3436,10/12/2025,7,31687
3437,10/12/2025,8,12210
3438,10/12/2025,9,49850
3439,10/12/2025,10,13781
3440,11/12/2025,1,26556
3441,11/12/2025,2,6613
3442,11/12/2025,3,47437
3443,11/12/2025,4,47357
3444,11/12/2025,5,8896
3445,11/12/2025,6,48138
3446,11/12/2025,7,28326
3447,11/12/2025,8,46672
3448,11/12/2025,9,23376
3449,11/12/2025,10,11141
3450,12/12/2025,1,26398
3451,12/12/2025,2,10491
3452,12/12/2025,3,1991
3453,12/12/2025,4,1387
3454,12/12/2025,5,17247
3455,12/12/2025,6,30662
3456,12/12/2025,7,15924
3457,12/12/2025,8,11035
3458,12/12/2025,9,16600
3459,12/12/2025,10,48387
3460,13/12/2025,1,38607
3461,13/12/2025,2,33869
3462,13/12/2025,3,2313
3463,13/12/2025,4,39290
3464,13/12/2025,5,12055
3465,13/12/2025,6,30811
3466,13/12/2025,7,45381
3467,13/12/2025,8,6594
3468,13/12/2025,9,15685
3469,13/12/2025,10,17014
3470,14/12/2025,1,34439
3471,14/12/2025,2,36382
3472,14/12/2025,3,29445
3473,14/12/2025,4,35749
3474,14/12/2025,5,42529
3475,14/12/2025,6,26585
3476,14/12/2025,7,46936
3477,14/12/2025,8,46481
3478,14/12/2025,9,51871
3479,14/12/2025,10,14819
3480,15/12/2025,1,27260
3481,15/12/2025,2,5199
3482,15/12/2025,3,36077
3483,15/12/2025,4,25579
3484,15/12/2025,5,5991
3485,15/12/2025,6,43566
3486,15/12/2025,7,40251
3487,15/12/2025,8,14602
3488,15/12/2025,9,43723
3489,15/12/2025,10,39466
3490,16/12/2025,1,22886
3491,16/12/2025,2,33731
3492,16/12/2025,3,14326
3493,16/12/2025,4,45703
3494,16/12/2025,5,31578
3495,16/12/2025,6,20664
3496,16/12/2025,7,26818
3497,16/12/2025,8,4368
3498,16/12/2025,9,24845
3499,16/12/2025,10,53699
3500,17/12/2025,1,18163
3501,17/12/2025,2,35550
3502,17/12/2025,3,10569
3503,17/12/2025,4,28167
3504,17/12/2025,5,52849
3505,17/12/2025,6,27152
3506,17/12/2025,7,35911
3507,17/12/2025,8,34864
3508,17/12/2025,9,13367
3509,17/12/2025,10,53859
3510,18/12/2025,1,47807
3511,18/12/2025,2,42043
3512,18/12/2025,3,34802
3513,18/12/2025,4,24855
3514,18/12/2025,5,42989
3515,18/12/2025,6,38988
3516,18/12/2025,7,20286
3517,18/12/2025,8,47652
3518,18/12/2025,9,46993
3519,18/12/2025,10,30346
3520,19/12/2025,1,31391
3521,19/12/2025,2,23085
3522,19/12/2025,3,22096
3523,19/12/2025,4,6653
3524,19/12/2025,5,35292
3525,19/12/2025,6,35229
3526,19/12/2025,7,38842
3527,19/12/2025,8,9871
3528,19/12/2025,9,48090
3529,19/12/2025,10,6657
3530,20/12/2025,1,8815
3531,20/12/2025,2,21820
3532,20/12/2025,3,26188
3533,20/12/2025,4,7837
3534,20/12/2025,5,32684
3535,20/12/2025,6,31981
3536,20/12/2025,7,52118
3537,20/12/2025,8,12037
3538,20/12/2025,9,33969
3539,20/12/2025,10,30838
3540,21/12/2025,1,14012
3541,21/12/2025,2,11865
3542,21/12/2025,3,22617
3543,21/12/2025,4,48861
3544,21/12/2025,5,44991
3545,21/12/2025,6,2291
3546,21/12/2025,7,38347
3547,21/12/2025,8,25705
3548,21/12/2025,9,48788
3549,21/12/2025,10,14158
3550,22/12/2025,1,28373
3551,22/12/2025,2,50506
3552,22/12/2025,3,13658
3553,22/12/2025,4,45406
3554,22/12/2025,5,46258
3555,22/12/2025,6,15926
3556,22/12/2025,7,6642
3557,22/12/2025,8,35905
3558,22/12/2025,9,50743
3559,22/12/2025,10,26539
3560,23/12/2025,1,14888
3561,23/12/2025,2,8187
3562,23/12/2025,3,54697
3563,23/12/2025,4,24892
3564,23/12/2025,5,31417
3565,23/12/2025,6,2966
3566,23/12/2025,7,34287
3567,23/12/2025,8,45483
3568,23/12/2025,9,6189
3569,23/12/2025,10,22005
3570,24/12/2025,1,33370
3571,24/12/2025,2,41916
3572,24/12/2025,3,34621
3573,24/12/2025,4,17721
3574,24/12/2025,5,42764
3575,24/12/2025,6,14708
3576,24/12/2025,7,46566
3577,24/12/2025,8,34022
3578,24/12/2025,9,41510
3579,24/12/2025,10,24335
3580,25/12/2025,1,28253
3581,25/12/2025,2,11650
3582,25/12/2025,3,1179
3583,25/12/2025,4,30398
3584,25/12/2025,5,9098
3585,25/12/2025,6,35303
3586,25/12/2025,7,17297
3587,25/12/2025,8,19998
3588,25/12/2025,9,17523
3589,25/12/2025,10,46157
3590,26/12/2025,1,26387
3591,26/12/2025,2,14031
3592,26/12/2025,3,10307
3593,26/12/2025,4,7434
3594,26/12/2025,5,46282
3595,26/12/2025,6,19162
3596,26/12/2025,7,19483
3597,26/12/2025,8,19191
3598,26/12/2025,9,45291
3599,26/12/2025,10,11606
3600,27/12/2025,1,47701
3601,27/12/2025,2,32596
3602,27/12/2025,3,54295
3603,27/12/2025,4,1553
3604,27/12/2025,5,36281
3605,27/12/2025,6,44055
3606,27/12/2025,7,30641
3607,27/12/2025,8,22913
3608,27/12/2025,9,17547
3609,27/12/2025,10,35614
3610,28/12/2025,1,40532
3611,28/12/2025,2,28391
3612,28/12/2025,3,22116
3613,28/12/2025,4,12632
3614,28/12/2025,5,50337
3615,28/12/2025,6,54239
3616,28/12/2025,7,35896
3617,28/12/2025,8,49981
3618,28/12/2025,9,49369
3619,28/12/2025,10,4768
3620,29/12/2025,1,1882
3621,29/12/2025,2,7177
3622,29/12/2025,3,12229
3623,29/12/2025,4,15695
3624,29/12/2025,5,47662
3625,29/12/2025,6,10751
3626,29/12/2025,7,14923
3627,29/12/2025,8,10349
3628,29/12/2025,9,51199
3629,29/12/2025,10,7389
3630,30/12/2025,1,12091
3631,30/12/2025,2,38927
3632,30/12/2025,3,26042
3633,30/12/2025,4,40570
3634,30/12/2025,5,24580
3635,30/12/2025,6,18233
3636,30/12/2025,7,22674
3637,30/12/2025,8,27948
3638,30/12/2025,9,27336
3639,30/12/2025,10,32772
3640,31/12/2025,1,51414
3641,31/12/2025,2,48728
3642,31/12/2025,3,46555
3643,31/12/2025,4,14329
3644,31/12/2025,5,2897
3645,31/12/2025,6,23025
3646,31/12/2025,7,16282
3647,31/12/2025,8,31758
3648,31/12/2025,9,20470
3649,31/12/2025,10,38674